day,name_prayers,iqama_difference,times_prayer,time_jumua_1,time_jumua_2
2023-01-01,Fajr,8,06:49,13:50,14:30
2023-01-01,Shuruq,0,08:44,13:50,14:30
2023-01-01,Dhouhr,8,12:55,13:50,14:30
2023-01-01,Asr,8,14:47,13:50,14:30
2023-01-01,Maghrib,0,17:08,13:50,14:30
2023-01-01,Isha,8,18:47,13:50,14:30
2023-01-02,Fajr,8,06:49,13:50,14:30
2023-01-02,Shuruq,0,08:44,13:50,14:30
2023-01-02,Dhouhr,8,12:56,13:50,14:30
2023-01-02,Asr,8,14:48,13:50,14:30
2023-01-02,Maghrib,0,17:09,13:50,14:30
2023-01-02,Isha,8,18:48,13:50,14:30
2023-01-03,Fajr,8,06:49,13:50,14:30
2023-01-03,Shuruq,0,08:44,13:50,14:30
2023-01-03,Dhouhr,8,12:56,13:50,14:30
2023-01-03,Asr,8,14:49,13:50,14:30
2023-01-03,Maghrib,0,17:10,13:50,14:30
2023-01-03,Isha,8,18:49,13:50,14:30
2023-01-04,Fajr,8,06:49,13:50,14:30
2023-01-04,Shuruq,0,08:44,13:50,14:30
2023-01-04,Dhouhr,8,12:57,13:50,14:30
2023-01-04,Asr,8,14:50,13:50,14:30
2023-01-04,Maghrib,0,17:11,13:50,14:30
2023-01-04,Isha,8,18:50,13:50,14:30
2023-01-05,Fajr,8,06:49,13:50,14:30
2023-01-05,Shuruq,0,08:44,13:50,14:30
2023-01-05,Dhouhr,8,12:57,13:50,14:30
2023-01-05,Asr,8,14:51,13:50,14:30
2023-01-05,Maghrib,0,17:12,13:50,14:30
2023-01-05,Isha,8,18:51,13:50,14:30
2023-01-06,Fajr,8,06:49,13:50,14:30
2023-01-06,Shuruq,0,08:43,13:50,14:30
2023-01-06,Dhouhr,8,12:58,13:50,14:30
2023-01-06,Asr,8,14:52,13:50,14:30
2023-01-06,Maghrib,0,17:13,13:50,14:30
2023-01-06,Isha,8,18:52,13:50,14:30
2023-01-07,Fajr,8,06:49,13:50,14:30
2023-01-07,Shuruq,0,08:43,13:50,14:30
2023-01-07,Dhouhr,8,12:58,13:50,14:30
2023-01-07,Asr,8,14:53,13:50,14:30
2023-01-07,Maghrib,0,17:14,13:50,14:30
2023-01-07,Isha,8,18:53,13:50,14:30
2023-01-08,Fajr,8,06:49,13:50,14:30
2023-01-08,Shuruq,0,08:43,13:50,14:30
2023-01-08,Dhouhr,8,12:59,13:50,14:30
2023-01-08,Asr,8,14:54,13:50,14:30
2023-01-08,Maghrib,0,17:15,13:50,14:30
2023-01-08,Isha,8,18:54,13:50,14:30
2023-01-09,Fajr,8,06:49,13:50,14:30
2023-01-09,Shuruq,0,08:42,13:50,14:30
2023-01-09,Dhouhr,8,12:59,13:50,14:30
2023-01-09,Asr,8,14:55,13:50,14:30
2023-01-09,Maghrib,0,17:17,13:50,14:30
2023-01-09,Isha,8,18:55,13:50,14:30
2023-01-10,Fajr,8,06:48,13:50,14:30
2023-01-10,Shuruq,0,08:42,13:50,14:30
2023-01-10,Dhouhr,8,12:59,13:50,14:30
2023-01-10,Asr,8,14:56,13:50,14:30
2023-01-10,Maghrib,0,17:18,13:50,14:30
2023-01-10,Isha,8,18:56,13:50,14:30
2023-01-11,Fajr,8,06:48,13:50,14:30
2023-01-11,Shuruq,0,08:41,13:50,14:30
2023-01-11,Dhouhr,8,13:00,13:50,14:30
2023-01-11,Asr,8,14:57,13:50,14:30
2023-01-11,Maghrib,0,17:19,13:50,14:30
2023-01-11,Isha,8,18:58,13:50,14:30
2023-01-12,Fajr,8,06:48,13:50,14:30
2023-01-12,Shuruq,0,08:41,13:50,14:30
2023-01-12,Dhouhr,8,13:00,13:50,14:30
2023-01-12,Asr,8,14:59,13:50,14:30
2023-01-12,Maghrib,0,17:21,13:50,14:30
2023-01-12,Isha,8,18:59,13:50,14:30
2023-01-13,Fajr,8,06:47,13:50,14:30
2023-01-13,Shuruq,0,08:40,13:50,14:30
2023-01-13,Dhouhr,8,13:01,13:50,14:30
2023-01-13,Asr,8,15:00,13:50,14:30
2023-01-13,Maghrib,0,17:22,13:50,14:30
2023-01-13,Isha,8,19:00,13:50,14:30
2023-01-14,Fajr,8,06:47,13:50,14:30
2023-01-14,Shuruq,0,08:39,13:50,14:30
2023-01-14,Dhouhr,8,13:01,13:50,14:30
2023-01-14,Asr,8,15:01,13:50,14:30
2023-01-14,Maghrib,0,17:23,13:50,14:30
2023-01-14,Isha,8,19:01,13:50,14:30
2023-01-15,Fajr,8,06:46,13:50,14:30
2023-01-15,Shuruq,0,08:39,13:50,14:30
2023-01-15,Dhouhr,8,13:01,13:50,14:30
2023-01-15,Asr,8,15:02,13:50,14:30
2023-01-15,Maghrib,0,17:25,13:50,14:30
2023-01-15,Isha,8,19:02,13:50,14:30
2023-01-16,Fajr,8,06:46,13:50,14:30
2023-01-16,Shuruq,0,08:38,13:50,14:30
2023-01-16,Dhouhr,8,13:02,13:50,14:30
2023-01-16,Asr,8,15:03,13:50,14:30
2023-01-16,Maghrib,0,17:26,13:50,14:30
2023-01-16,Isha,8,19:03,13:50,14:30
2023-01-17,Fajr,8,06:45,13:50,14:30
2023-01-17,Shuruq,0,08:37,13:50,14:30
2023-01-17,Dhouhr,8,13:02,13:50,14:30
2023-01-17,Asr,8,15:05,13:50,14:30
2023-01-17,Maghrib,0,17:28,13:50,14:30
2023-01-17,Isha,8,19:05,13:50,14:30
2023-01-18,Fajr,8,06:45,13:50,14:30
2023-01-18,Shuruq,0,08:36,13:50,14:30
2023-01-18,Dhouhr,8,13:02,13:50,14:30
2023-01-18,Asr,8,15:06,13:50,14:30
2023-01-18,Maghrib,0,17:29,13:50,14:30
2023-01-18,Isha,8,19:06,13:50,14:30
2023-01-19,Fajr,8,06:44,13:50,14:30
2023-01-19,Shuruq,0,08:36,13:50,14:30
2023-01-19,Dhouhr,8,13:03,13:50,14:30
2023-01-19,Asr,8,15:07,13:50,14:30
2023-01-19,Maghrib,0,17:31,13:50,14:30
2023-01-19,Isha,8,19:07,13:50,14:30
2023-01-20,Fajr,8,06:44,13:50,14:30
2023-01-20,Shuruq,0,08:35,13:50,14:30
2023-01-20,Dhouhr,8,13:03,13:50,14:30
2023-01-20,Asr,8,15:08,13:50,14:30
2023-01-20,Maghrib,0,17:32,13:50,14:30
2023-01-20,Isha,8,19:08,13:50,14:30
2023-01-21,Fajr,8,06:43,13:50,14:30
2023-01-21,Shuruq,0,08:34,13:50,14:30
2023-01-21,Dhouhr,8,13:03,13:50,14:30
2023-01-21,Asr,8,15:10,13:50,14:30
2023-01-21,Maghrib,0,17:34,13:50,14:30
2023-01-21,Isha,8,19:10,13:50,14:30
2023-01-22,Fajr,8,06:42,13:50,14:30
2023-01-22,Shuruq,0,08:33,13:50,14:30
2023-01-22,Dhouhr,8,13:03,13:50,14:30
2023-01-22,Asr,8,15:11,13:50,14:30
2023-01-22,Maghrib,0,17:35,13:50,14:30
2023-01-22,Isha,8,19:11,13:50,14:30
2023-01-23,Fajr,8,06:41,13:50,14:30
2023-01-23,Shuruq,0,08:32,13:50,14:30
2023-01-23,Dhouhr,8,13:04,13:50,14:30
2023-01-23,Asr,8,15:12,13:50,14:30
2023-01-23,Maghrib,0,17:37,13:50,14:30
2023-01-23,Isha,8,19:12,13:50,14:30
2023-01-24,Fajr,8,06:41,13:50,14:30
2023-01-24,Shuruq,0,08:31,13:50,14:30
2023-01-24,Dhouhr,8,13:04,13:50,14:30
2023-01-24,Asr,8,15:13,13:50,14:30
2023-01-24,Maghrib,0,17:38,13:50,14:30
2023-01-24,Isha,8,19:14,13:50,14:30
2023-01-25,Fajr,8,06:40,13:50,14:30
2023-01-25,Shuruq,0,08:30,13:50,14:30
2023-01-25,Dhouhr,8,13:04,13:50,14:30
2023-01-25,Asr,8,15:15,13:50,14:30
2023-01-25,Maghrib,0,17:40,13:50,14:30
2023-01-25,Isha,8,19:15,13:50,14:30
2023-01-26,Fajr,8,06:39,13:50,14:30
2023-01-26,Shuruq,0,08:28,13:50,14:30
2023-01-26,Dhouhr,8,13:04,13:50,14:30
2023-01-26,Asr,8,15:16,13:50,14:30
2023-01-26,Maghrib,0,17:41,13:50,14:30
2023-01-26,Isha,8,19:16,13:50,14:30
2023-01-27,Fajr,8,06:38,13:50,14:30
2023-01-27,Shuruq,0,08:27,13:50,14:30
2023-01-27,Dhouhr,8,13:05,13:50,14:30
2023-01-27,Asr,8,15:17,13:50,14:30
2023-01-27,Maghrib,0,17:43,13:50,14:30
2023-01-27,Isha,8,19:18,13:50,14:30
2023-01-28,Fajr,8,06:37,13:50,14:30
2023-01-28,Shuruq,0,08:26,13:50,14:30
2023-01-28,Dhouhr,8,13:05,13:50,14:30
2023-01-28,Asr,8,15:19,13:50,14:30
2023-01-28,Maghrib,0,17:45,13:50,14:30
2023-01-28,Isha,8,19:19,13:50,14:30
2023-01-29,Fajr,8,06:36,13:50,14:30
2023-01-29,Shuruq,0,08:25,13:50,14:30
2023-01-29,Dhouhr,8,13:05,13:50,14:30
2023-01-29,Asr,8,15:20,13:50,14:30
2023-01-29,Maghrib,0,17:46,13:50,14:30
2023-01-29,Isha,8,19:21,13:50,14:30
2023-01-30,Fajr,8,06:35,13:50,14:30
2023-01-30,Shuruq,0,08:23,13:50,14:30
2023-01-30,Dhouhr,8,13:05,13:50,14:30
2023-01-30,Asr,8,15:21,13:50,14:30
2023-01-30,Maghrib,0,17:48,13:50,14:30
2023-01-30,Isha,8,19:22,13:50,14:30
2023-01-31,Fajr,8,06:34,13:50,14:30
2023-01-31,Shuruq,0,08:22,13:50,14:30
2023-01-31,Dhouhr,8,13:05,13:50,14:30
2023-01-31,Asr,8,15:23,13:50,14:30
2023-01-31,Maghrib,0,17:50,13:50,14:30
2023-01-31,Isha,8,19:23,13:50,14:30
2023-02-01,Fajr,8,06:33,13:50,14:30
2023-02-01,Shuruq,0,08:21,13:50,14:30
2023-02-01,Dhouhr,8,13:05,13:50,14:30
2023-02-01,Asr,8,15:24,13:50,14:30
2023-02-01,Maghrib,0,17:51,13:50,14:30
2023-02-01,Isha,8,19:25,13:50,14:30
2023-02-02,Fajr,8,06:32,13:50,14:30
2023-02-02,Shuruq,0,08:19,13:50,14:30
2023-02-02,Dhouhr,8,13:06,13:50,14:30
2023-02-02,Asr,8,15:25,13:50,14:30
2023-02-02,Maghrib,0,17:53,13:50,14:30
2023-02-02,Isha,8,19:26,13:50,14:30
2023-02-03,Fajr,8,06:30,13:50,14:30
2023-02-03,Shuruq,0,08:18,13:50,14:30
2023-02-03,Dhouhr,8,13:06,13:50,14:30
2023-02-03,Asr,8,15:27,13:50,14:30
2023-02-03,Maghrib,0,17:54,13:50,14:30
2023-02-03,Isha,8,19:28,13:50,14:30
2023-02-04,Fajr,8,06:29,13:50,14:30
2023-02-04,Shuruq,0,08:16,13:50,14:30
2023-02-04,Dhouhr,8,13:06,13:50,14:30
2023-02-04,Asr,8,15:28,13:50,14:30
2023-02-04,Maghrib,0,17:56,13:50,14:30
2023-02-04,Isha,8,19:29,13:50,14:30
2023-02-05,Fajr,8,06:28,13:50,14:30
2023-02-05,Shuruq,0,08:15,13:50,14:30
2023-02-05,Dhouhr,8,13:06,13:50,14:30
2023-02-05,Asr,8,15:29,13:50,14:30
2023-02-05,Maghrib,0,17:58,13:50,14:30
2023-02-05,Isha,8,19:31,13:50,14:30
2023-02-06,Fajr,8,06:27,13:50,14:30
2023-02-06,Shuruq,0,08:13,13:50,14:30
2023-02-06,Dhouhr,8,13:06,13:50,14:30
2023-02-06,Asr,8,15:31,13:50,14:30
2023-02-06,Maghrib,0,17:59,13:50,14:30
2023-02-06,Isha,8,19:32,13:50,14:30
2023-02-07,Fajr,8,06:25,13:50,14:30
2023-02-07,Shuruq,0,08:12,13:50,14:30
2023-02-07,Dhouhr,8,13:06,13:50,14:30
2023-02-07,Asr,8,15:32,13:50,14:30
2023-02-07,Maghrib,0,18:01,13:50,14:30
2023-02-07,Isha,8,19:33,13:50,14:30
2023-02-08,Fajr,8,06:24,13:50,14:30
2023-02-08,Shuruq,0,08:10,13:50,14:30
2023-02-08,Dhouhr,8,13:06,13:50,14:30
2023-02-08,Asr,8,15:33,13:50,14:30
2023-02-08,Maghrib,0,18:03,13:50,14:30
2023-02-08,Isha,8,19:35,13:50,14:30
2023-02-09,Fajr,8,06:23,13:50,14:30
2023-02-09,Shuruq,0,08:09,13:50,14:30
2023-02-09,Dhouhr,8,13:06,13:50,14:30
2023-02-09,Asr,8,15:35,13:50,14:30
2023-02-09,Maghrib,0,18:04,13:50,14:30
2023-02-09,Isha,8,19:36,13:50,14:30
2023-02-10,Fajr,8,06:21,13:50,14:30
2023-02-10,Shuruq,0,08:07,13:50,14:30
2023-02-10,Dhouhr,8,13:06,13:50,14:30
2023-02-10,Asr,8,15:36,13:50,14:30
2023-02-10,Maghrib,0,18:06,13:50,14:30
2023-02-10,Isha,8,19:38,13:50,14:30
2023-02-11,Fajr,8,06:20,13:50,14:30
2023-02-11,Shuruq,0,08:06,13:50,14:30
2023-02-11,Dhouhr,8,13:06,13:50,14:30
2023-02-11,Asr,8,15:37,13:50,14:30
2023-02-11,Maghrib,0,18:08,13:50,14:30
2023-02-11,Isha,8,19:39,13:50,14:30
2023-02-12,Fajr,8,06:18,13:50,14:30
2023-02-12,Shuruq,0,08:04,13:50,14:30
2023-02-12,Dhouhr,8,13:06,13:50,14:30
2023-02-12,Asr,8,15:39,13:50,14:30
2023-02-12,Maghrib,0,18:09,13:50,14:30
2023-02-12,Isha,8,19:41,13:50,14:30
2023-02-13,Fajr,8,06:17,13:50,14:30
2023-02-13,Shuruq,0,08:02,13:50,14:30
2023-02-13,Dhouhr,8,13:06,13:50,14:30
2023-02-13,Asr,8,15:40,13:50,14:30
2023-02-13,Maghrib,0,18:11,13:50,14:30
2023-02-13,Isha,8,19:42,13:50,14:30
2023-02-14,Fajr,8,06:15,13:50,14:30
2023-02-14,Shuruq,0,08:00,13:50,14:30
2023-02-14,Dhouhr,8,13:06,13:50,14:30
2023-02-14,Asr,8,15:41,13:50,14:30
2023-02-14,Maghrib,0,18:13,13:50,14:30
2023-02-14,Isha,8,19:44,13:50,14:30
2023-02-15,Fajr,8,06:14,13:50,14:30
2023-02-15,Shuruq,0,07:59,13:50,14:30
2023-02-15,Dhouhr,8,13:06,13:50,14:30
2023-02-15,Asr,8,15:42,13:50,14:30
2023-02-15,Maghrib,0,18:14,13:50,14:30
2023-02-15,Isha,8,19:45,13:50,14:30
2023-02-16,Fajr,8,06:12,13:50,14:30
2023-02-16,Shuruq,0,07:57,13:50,14:30
2023-02-16,Dhouhr,8,13:06,13:50,14:30
2023-02-16,Asr,8,15:44,13:50,14:30
2023-02-16,Maghrib,0,18:16,13:50,14:30
2023-02-16,Isha,8,19:47,13:50,14:30
2023-02-17,Fajr,8,06:11,13:50,14:30
2023-02-17,Shuruq,0,07:55,13:50,14:30
2023-02-17,Dhouhr,8,13:06,13:50,14:30
2023-02-17,Asr,8,15:45,13:50,14:30
2023-02-17,Maghrib,0,18:18,13:50,14:30
2023-02-17,Isha,8,19:48,13:50,14:30
2023-02-18,Fajr,8,06:09,13:50,14:30
2023-02-18,Shuruq,0,07:53,13:50,14:30
2023-02-18,Dhouhr,8,13:06,13:50,14:30
2023-02-18,Asr,8,15:46,13:50,14:30
2023-02-18,Maghrib,0,18:19,13:50,14:30
2023-02-18,Isha,8,19:50,13:50,14:30
2023-02-19,Fajr,8,06:08,13:50,14:30
2023-02-19,Shuruq,0,07:52,13:50,14:30
2023-02-19,Dhouhr,8,13:06,13:50,14:30
2023-02-19,Asr,8,15:47,13:50,14:30
2023-02-19,Maghrib,0,18:21,13:50,14:30
2023-02-19,Isha,8,19:51,13:50,14:30
2023-02-20,Fajr,8,06:06,13:50,14:30
2023-02-20,Shuruq,0,07:50,13:50,14:30
2023-02-20,Dhouhr,8,13:06,13:50,14:30
2023-02-20,Asr,8,15:49,13:50,14:30
2023-02-20,Maghrib,0,18:22,13:50,14:30
2023-02-20,Isha,8,19:52,13:50,14:30
2023-02-21,Fajr,8,06:05,13:50,14:30
2023-02-21,Shuruq,0,07:48,13:50,14:30
2023-02-21,Dhouhr,8,13:05,13:50,14:30
2023-02-21,Asr,8,15:50,13:50,14:30
2023-02-21,Maghrib,0,18:24,13:50,14:30
2023-02-21,Isha,8,19:54,13:50,14:30
2023-02-22,Fajr,8,06:03,13:50,14:30
2023-02-22,Shuruq,0,07:46,13:50,14:30
2023-02-22,Dhouhr,8,13:05,13:50,14:30
2023-02-22,Asr,8,15:51,13:50,14:30
2023-02-22,Maghrib,0,18:26,13:50,14:30
2023-02-22,Isha,8,19:55,13:50,14:30
2023-02-23,Fajr,8,06:02,13:50,14:30
2023-02-23,Shuruq,0,07:44,13:50,14:30
2023-02-23,Dhouhr,8,13:05,13:50,14:30
2023-02-23,Asr,8,15:52,13:50,14:30
2023-02-23,Maghrib,0,18:27,13:50,14:30
2023-02-23,Isha,8,19:56,13:50,14:30
2023-02-24,Fajr,8,06:00,13:50,14:30
2023-02-24,Shuruq,0,07:42,13:50,14:30
2023-02-24,Dhouhr,8,13:05,13:50,14:30
2023-02-24,Asr,8,15:53,13:50,14:30
2023-02-24,Maghrib,0,18:29,13:50,14:30
2023-02-24,Isha,8,19:58,13:50,14:30
2023-02-25,Fajr,8,05:59,13:50,14:30
2023-02-25,Shuruq,0,07:40,13:50,14:30
2023-02-25,Dhouhr,8,13:05,13:50,14:30
2023-02-25,Asr,8,15:55,13:50,14:30
2023-02-25,Maghrib,0,18:31,13:50,14:30
2023-02-25,Isha,8,19:59,13:50,14:30
2023-02-26,Fajr,8,05:57,13:50,14:30
2023-02-26,Shuruq,0,07:38,13:50,14:30
2023-02-26,Dhouhr,8,13:05,13:50,14:30
2023-02-26,Asr,8,15:56,13:50,14:30
2023-02-26,Maghrib,0,18:32,13:50,14:30
2023-02-26,Isha,8,20:00,13:50,14:30
2023-02-27,Fajr,8,05:55,13:50,14:30
2023-02-27,Shuruq,0,07:36,13:50,14:30
2023-02-27,Dhouhr,8,13:05,13:50,14:30
2023-02-27,Asr,8,15:57,13:50,14:30
2023-02-27,Maghrib,0,18:34,13:50,14:30
2023-02-27,Isha,8,20:02,13:50,14:30
2023-02-28,Fajr,8,05:54,13:50,14:30
2023-02-28,Shuruq,0,07:35,13:50,14:30
2023-02-28,Dhouhr,8,13:04,13:50,14:30
2023-02-28,Asr,8,15:58,13:50,14:30
2023-02-28,Maghrib,0,18:35,13:50,14:30
2023-02-28,Isha,8,20:03,13:50,14:30
2023-03-01,Fajr,8,05:52,13:50,14:30
2023-03-01,Shuruq,0,07:33,13:50,14:30
2023-03-01,Dhouhr,8,13:04,13:50,14:30
2023-03-01,Asr,8,15:59,13:50,14:30
2023-03-01,Maghrib,0,18:37,13:50,14:30
2023-03-01,Isha,8,20:04,13:50,14:30
2023-03-02,Fajr,8,05:50,13:50,14:30
2023-03-02,Shuruq,0,07:31,13:50,14:30
2023-03-02,Dhouhr,8,13:04,13:50,14:30
2023-03-02,Asr,8,16:00,13:50,14:30
2023-03-02,Maghrib,0,18:38,13:50,14:30
2023-03-02,Isha,8,20:06,13:50,14:30
2023-03-03,Fajr,8,05:48,13:50,14:30
2023-03-03,Shuruq,0,07:29,13:50,14:30
2023-03-03,Dhouhr,8,13:04,13:50,14:30
2023-03-03,Asr,8,16:01,13:50,14:30
2023-03-03,Maghrib,0,18:40,13:50,14:30
2023-03-03,Isha,8,20:07,13:50,14:30
2023-03-04,Fajr,8,05:47,13:50,14:30
2023-03-04,Shuruq,0,07:27,13:50,14:30
2023-03-04,Dhouhr,8,13:04,13:50,14:30
2023-03-04,Asr,8,16:03,13:50,14:30
2023-03-04,Maghrib,0,18:42,13:50,14:30
2023-03-04,Isha,8,20:08,13:50,14:30
2023-03-05,Fajr,8,05:45,13:50,14:30
2023-03-05,Shuruq,0,07:25,13:50,14:30
2023-03-05,Dhouhr,8,13:03,13:50,14:30
2023-03-05,Asr,8,16:04,13:50,14:30
2023-03-05,Maghrib,0,18:43,13:50,14:30
2023-03-05,Isha,8,20:10,13:50,14:30
2023-03-06,Fajr,8,05:43,13:50,14:30
2023-03-06,Shuruq,0,07:23,13:50,14:30
2023-03-06,Dhouhr,8,13:03,13:50,14:30
2023-03-06,Asr,8,16:05,13:50,14:30
2023-03-06,Maghrib,0,18:45,13:50,14:30
2023-03-06,Isha,8,20:11,13:50,14:30
2023-03-07,Fajr,8,05:41,13:50,14:30
2023-03-07,Shuruq,0,07:20,13:50,14:30
2023-03-07,Dhouhr,8,13:03,13:50,14:30
2023-03-07,Asr,8,16:06,13:50,14:30
2023-03-07,Maghrib,0,18:46,13:50,14:30
2023-03-07,Isha,8,20:12,13:50,14:30
2023-03-08,Fajr,8,05:39,13:50,14:30
2023-03-08,Shuruq,0,07:18,13:50,14:30
2023-03-08,Dhouhr,8,13:03,13:50,14:30
2023-03-08,Asr,8,16:07,13:50,14:30
2023-03-08,Maghrib,0,18:48,13:50,14:30
2023-03-08,Isha,8,20:14,13:50,14:30
2023-03-09,Fajr,8,05:37,13:50,14:30
2023-03-09,Shuruq,0,07:16,13:50,14:30
2023-03-09,Dhouhr,8,13:02,13:50,14:30
2023-03-09,Asr,8,16:08,13:50,14:30
2023-03-09,Maghrib,0,18:49,13:50,14:30
2023-03-09,Isha,8,20:15,13:50,14:30
2023-03-10,Fajr,8,05:36,13:50,14:30
2023-03-10,Shuruq,0,07:14,13:50,14:30
2023-03-10,Dhouhr,8,13:02,13:50,14:30
2023-03-10,Asr,8,16:09,13:50,14:30
2023-03-10,Maghrib,0,18:51,13:50,14:30
2023-03-10,Isha,8,20:16,13:50,14:30
2023-03-11,Fajr,8,05:34,13:50,14:30
2023-03-11,Shuruq,0,07:12,13:50,14:30
2023-03-11,Dhouhr,8,13:02,13:50,14:30
2023-03-11,Asr,8,16:10,13:50,14:30
2023-03-11,Maghrib,0,18:53,13:50,14:30
2023-03-11,Isha,8,20:18,13:50,14:30
2023-03-12,Fajr,8,05:32,13:50,14:30
2023-03-12,Shuruq,0,07:10,13:50,14:30
2023-03-12,Dhouhr,8,13:02,13:50,14:30
2023-03-12,Asr,8,16:11,13:50,14:30
2023-03-12,Maghrib,0,18:54,13:50,14:30
2023-03-12,Isha,8,20:19,13:50,14:30
2023-03-13,Fajr,8,05:30,13:50,14:30
2023-03-13,Shuruq,0,07:08,13:50,14:30
2023-03-13,Dhouhr,8,13:01,13:50,14:30
2023-03-13,Asr,8,16:12,13:50,14:30
2023-03-13,Maghrib,0,18:56,13:50,14:30
2023-03-13,Isha,8,20:20,13:50,14:30
2023-03-14,Fajr,8,05:28,13:50,14:30
2023-03-14,Shuruq,0,07:06,13:50,14:30
2023-03-14,Dhouhr,8,13:01,13:50,14:30
2023-03-14,Asr,8,16:13,13:50,14:30
2023-03-14,Maghrib,0,18:57,13:50,14:30
2023-03-14,Isha,8,20:22,13:50,14:30
2023-03-15,Fajr,8,05:26,13:50,14:30
2023-03-15,Shuruq,0,07:04,13:50,14:30
2023-03-15,Dhouhr,8,13:01,13:50,14:30
2023-03-15,Asr,8,16:14,13:50,14:30
2023-03-15,Maghrib,0,18:59,13:50,14:30
2023-03-15,Isha,8,20:23,13:50,14:30
2023-03-16,Fajr,8,05:24,13:50,14:30
2023-03-16,Shuruq,0,07:02,13:50,14:30
2023-03-16,Dhouhr,8,13:00,13:50,14:30
2023-03-16,Asr,8,16:15,13:50,14:30
2023-03-16,Maghrib,0,19:00,13:50,14:30
2023-03-16,Isha,8,20:25,13:50,14:30
2023-03-17,Fajr,8,05:22,13:50,14:30
2023-03-17,Shuruq,0,07:00,13:50,14:30
2023-03-17,Dhouhr,8,13:00,13:50,14:30
2023-03-17,Asr,8,16:16,13:50,14:30
2023-03-17,Maghrib,0,19:02,13:50,14:30
2023-03-17,Isha,8,20:26,13:50,14:30
2023-03-18,Fajr,8,05:20,13:50,14:30
2023-03-18,Shuruq,0,06:58,13:50,14:30
2023-03-18,Dhouhr,8,13:00,13:50,14:30
2023-03-18,Asr,8,16:16,13:50,14:30
2023-03-18,Maghrib,0,19:03,13:50,14:30
2023-03-18,Isha,8,20:27,13:50,14:30
2023-03-19,Fajr,8,05:18,13:50,14:30
2023-03-19,Shuruq,0,06:56,13:50,14:30
2023-03-19,Dhouhr,8,13:00,13:50,14:30
2023-03-19,Asr,8,16:17,13:50,14:30
2023-03-19,Maghrib,0,19:05,13:50,14:30
2023-03-19,Isha,8,20:29,13:50,14:30
2023-03-20,Fajr,8,05:16,13:50,14:30
2023-03-20,Shuruq,0,06:53,13:50,14:30
2023-03-20,Dhouhr,8,12:59,13:50,14:30
2023-03-20,Asr,8,16:18,13:50,14:30
2023-03-20,Maghrib,0,19:06,13:50,14:30
2023-03-20,Isha,8,20:30,13:50,14:30
2023-03-21,Fajr,8,05:14,13:50,14:30
2023-03-21,Shuruq,0,06:51,13:50,14:30
2023-03-21,Dhouhr,8,12:59,13:50,14:30
2023-03-21,Asr,8,16:19,13:50,14:30
2023-03-21,Maghrib,0,19:08,13:50,14:30
2023-03-21,Isha,8,20:32,13:50,14:30
2023-03-22,Fajr,8,05:12,13:50,14:30
2023-03-22,Shuruq,0,06:49,13:50,14:30
2023-03-22,Dhouhr,8,12:59,13:50,14:30
2023-03-22,Asr,8,16:20,13:50,14:30
2023-03-22,Maghrib,0,19:09,13:50,14:30
2023-03-22,Isha,8,20:33,13:50,14:30
2023-03-23,Fajr,8,05:10,13:50,14:30
2023-03-23,Shuruq,0,06:47,13:50,14:30
2023-03-23,Dhouhr,8,12:58,13:50,14:30
2023-03-23,Asr,8,16:21,13:50,14:30
2023-03-23,Maghrib,0,19:11,13:50,14:30
2023-03-23,Isha,8,20:34,13:50,14:30
2023-03-24,Fajr,8,05:07,13:50,14:30
2023-03-24,Shuruq,0,06:45,13:50,14:30
2023-03-24,Dhouhr,8,12:58,13:50,14:30
2023-03-24,Asr,8,16:22,13:50,14:30
2023-03-24,Maghrib,0,19:12,13:50,14:30
2023-03-24,Isha,8,20:36,13:50,14:30
2023-03-25,Fajr,8,05:05,13:50,14:30
2023-03-25,Shuruq,0,06:43,13:50,14:30
2023-03-25,Dhouhr,8,12:58,13:50,14:30
2023-03-25,Asr,8,16:23,13:50,14:30
2023-03-25,Maghrib,0,19:14,13:50,14:30
2023-03-25,Isha,8,20:37,13:50,14:30
2023-03-26,Fajr,8,06:03,13:50,14:30
2023-03-26,Shuruq,0,07:41,13:50,14:30
2023-03-26,Dhouhr,8,13:57,13:50,14:30
2023-03-26,Asr,8,17:23,13:50,14:30
2023-03-26,Maghrib,0,20:15,13:50,14:30
2023-03-26,Isha,8,21:39,13:50,14:30
2023-03-27,Fajr,8,06:01,13:50,14:30
2023-03-27,Shuruq,0,07:39,13:50,14:30
2023-03-27,Dhouhr,8,13:57,13:50,14:30
2023-03-27,Asr,8,17:24,13:50,14:30
2023-03-27,Maghrib,0,20:17,13:50,14:30
2023-03-27,Isha,8,21:40,13:50,14:30
2023-03-28,Fajr,8,05:59,13:50,14:30
2023-03-28,Shuruq,0,07:37,13:50,14:30
2023-03-28,Dhouhr,8,13:57,13:50,14:30
2023-03-28,Asr,8,17:25,13:50,14:30
2023-03-28,Maghrib,0,20:18,13:50,14:30
2023-03-28,Isha,8,21:42,13:50,14:30
2023-03-29,Fajr,8,05:57,13:50,14:30
2023-03-29,Shuruq,0,07:34,13:50,14:30
2023-03-29,Dhouhr,8,13:57,13:50,14:30
2023-03-29,Asr,8,17:26,13:50,14:30
2023-03-29,Maghrib,0,20:20,13:50,14:30
2023-03-29,Isha,8,21:43,13:50,14:30
2023-03-30,Fajr,8,05:55,13:50,14:30
2023-03-30,Shuruq,0,07:32,13:50,14:30
2023-03-30,Dhouhr,8,13:56,13:50,14:30
2023-03-30,Asr,8,17:27,13:50,14:30
2023-03-30,Maghrib,0,20:21,13:50,14:30
2023-03-30,Isha,8,21:45,13:50,14:30
2023-03-31,Fajr,8,05:53,13:50,14:30
2023-03-31,Shuruq,0,07:30,13:50,14:30
2023-03-31,Dhouhr,8,13:56,13:50,14:30
2023-03-31,Asr,8,17:27,13:50,14:30
2023-03-31,Maghrib,0,20:23,13:50,14:30
2023-03-31,Isha,8,21:46,13:50,14:30
2023-04-01,Fajr,8,05:50,13:50,14:30
2023-04-01,Shuruq,0,07:28,13:50,14:30
2023-04-01,Dhouhr,8,13:56,13:50,14:30
2023-04-01,Asr,8,17:28,13:50,14:30
2023-04-01,Maghrib,0,20:24,13:50,14:30
2023-04-01,Isha,8,21:48,13:50,14:30
2023-04-02,Fajr,8,05:48,13:50,14:30
2023-04-02,Shuruq,0,07:26,13:50,14:30
2023-04-02,Dhouhr,8,13:55,13:50,14:30
2023-04-02,Asr,8,17:29,13:50,14:30
2023-04-02,Maghrib,0,20:26,13:50,14:30
2023-04-02,Isha,8,21:49,13:50,14:30
2023-04-03,Fajr,8,05:46,13:50,14:30
2023-04-03,Shuruq,0,07:24,13:50,14:30
2023-04-03,Dhouhr,8,13:55,13:50,14:30
2023-04-03,Asr,8,17:30,13:50,14:30
2023-04-03,Maghrib,0,20:27,13:50,14:30
2023-04-03,Isha,8,21:51,13:50,14:30
2023-04-04,Fajr,8,05:44,13:50,14:30
2023-04-04,Shuruq,0,07:22,13:50,14:30
2023-04-04,Dhouhr,8,13:55,13:50,14:30
2023-04-04,Asr,8,17:30,13:50,14:30
2023-04-04,Maghrib,0,20:29,13:50,14:30
2023-04-04,Isha,8,21:52,13:50,14:30
2023-04-05,Fajr,8,05:42,13:50,14:30
2023-04-05,Shuruq,0,07:20,13:50,14:30
2023-04-05,Dhouhr,8,13:54,13:50,14:30
2023-04-05,Asr,8,17:31,13:50,14:30
2023-04-05,Maghrib,0,20:30,13:50,14:30
2023-04-05,Isha,8,21:54,13:50,14:30
2023-04-06,Fajr,8,05:39,13:50,14:30
2023-04-06,Shuruq,0,07:18,13:50,14:30
2023-04-06,Dhouhr,8,13:54,13:50,14:30
2023-04-06,Asr,8,17:32,13:50,14:30
2023-04-06,Maghrib,0,20:32,13:50,14:30
2023-04-06,Isha,8,21:55,13:50,14:30
2023-04-07,Fajr,8,05:37,13:50,14:30
2023-04-07,Shuruq,0,07:16,13:50,14:30
2023-04-07,Dhouhr,8,13:54,13:50,14:30
2023-04-07,Asr,8,17:33,13:50,14:30
2023-04-07,Maghrib,0,20:33,13:50,14:30
2023-04-07,Isha,8,21:57,13:50,14:30
2023-04-08,Fajr,8,05:35,13:50,14:30
2023-04-08,Shuruq,0,07:14,13:50,14:30
2023-04-08,Dhouhr,8,13:54,13:50,14:30
2023-04-08,Asr,8,17:33,13:50,14:30
2023-04-08,Maghrib,0,20:35,13:50,14:30
2023-04-08,Isha,8,21:59,13:50,14:30
2023-04-09,Fajr,8,05:33,13:50,14:30
2023-04-09,Shuruq,0,07:12,13:50,14:30
2023-04-09,Dhouhr,8,13:53,13:50,14:30
2023-04-09,Asr,8,17:34,13:50,14:30
2023-04-09,Maghrib,0,20:36,13:50,14:30
2023-04-09,Isha,8,22:00,13:50,14:30
2023-04-10,Fajr,8,05:30,13:50,14:30
2023-04-10,Shuruq,0,07:10,13:50,14:30
2023-04-10,Dhouhr,8,13:53,13:50,14:30
2023-04-10,Asr,8,17:35,13:50,14:30
2023-04-10,Maghrib,0,20:38,13:50,14:30
2023-04-10,Isha,8,22:02,13:50,14:30
2023-04-11,Fajr,8,05:28,13:50,14:30
2023-04-11,Shuruq,0,07:08,13:50,14:30
2023-04-11,Dhouhr,8,13:53,13:50,14:30
2023-04-11,Asr,8,17:35,13:50,14:30
2023-04-11,Maghrib,0,20:39,13:50,14:30
2023-04-11,Isha,8,22:03,13:50,14:30
2023-04-12,Fajr,8,05:26,13:50,14:30
2023-04-12,Shuruq,0,07:06,13:50,14:30
2023-04-12,Dhouhr,8,13:52,13:50,14:30
2023-04-12,Asr,8,17:36,13:50,14:30
2023-04-12,Maghrib,0,20:41,13:50,14:30
2023-04-12,Isha,8,22:05,13:50,14:30
2023-04-13,Fajr,8,05:24,13:50,14:30
2023-04-13,Shuruq,0,07:04,13:50,14:30
2023-04-13,Dhouhr,8,13:52,13:50,14:30
2023-04-13,Asr,8,17:37,13:50,14:30
2023-04-13,Maghrib,0,20:42,13:50,14:30
2023-04-13,Isha,8,22:07,13:50,14:30
2023-04-14,Fajr,8,05:22,13:50,14:30
2023-04-14,Shuruq,0,07:02,13:50,14:30
2023-04-14,Dhouhr,8,13:52,13:50,14:30
2023-04-14,Asr,8,17:37,13:50,14:30
2023-04-14,Maghrib,0,20:44,13:50,14:30
2023-04-14,Isha,8,22:08,13:50,14:30
2023-04-15,Fajr,8,05:19,13:50,14:30
2023-04-15,Shuruq,0,07:00,13:50,14:30
2023-04-15,Dhouhr,8,13:52,13:50,14:30
2023-04-15,Asr,8,17:38,13:50,14:30
2023-04-15,Maghrib,0,20:45,13:50,14:30
2023-04-15,Isha,8,22:10,13:50,14:30
2023-04-16,Fajr,8,05:17,13:50,14:30
2023-04-16,Shuruq,0,06:58,13:50,14:30
2023-04-16,Dhouhr,8,13:51,13:50,14:30
2023-04-16,Asr,8,17:39,13:50,14:30
2023-04-16,Maghrib,0,20:47,13:50,14:30
2023-04-16,Isha,8,22:12,13:50,14:30
2023-04-17,Fajr,8,05:15,13:50,14:30
2023-04-17,Shuruq,0,06:56,13:50,14:30
2023-04-17,Dhouhr,8,13:51,13:50,14:30
2023-04-17,Asr,8,17:39,13:50,14:30
2023-04-17,Maghrib,0,20:48,13:50,14:30
2023-04-17,Isha,8,22:13,13:50,14:30
2023-04-18,Fajr,8,05:13,13:50,14:30
2023-04-18,Shuruq,0,06:54,13:50,14:30
2023-04-18,Dhouhr,8,13:51,13:50,14:30
2023-04-18,Asr,8,17:40,13:50,14:30
2023-04-18,Maghrib,0,20:50,13:50,14:30
2023-04-18,Isha,8,22:15,13:50,14:30
2023-04-19,Fajr,8,05:10,13:50,14:30
2023-04-19,Shuruq,0,06:52,13:50,14:30
2023-04-19,Dhouhr,8,13:51,13:50,14:30
2023-04-19,Asr,8,17:41,13:50,14:30
2023-04-19,Maghrib,0,20:51,13:50,14:30
2023-04-19,Isha,8,22:17,13:50,14:30
2023-04-20,Fajr,8,05:08,13:50,14:30
2023-04-20,Shuruq,0,06:50,13:50,14:30
2023-04-20,Dhouhr,8,13:51,13:50,14:30
2023-04-20,Asr,8,17:41,13:50,14:30
2023-04-20,Maghrib,0,20:53,13:50,14:30
2023-04-20,Isha,8,22:18,13:50,14:30
2023-04-21,Fajr,8,05:06,13:50,14:30
2023-04-21,Shuruq,0,06:48,13:50,14:30
2023-04-21,Dhouhr,8,13:50,13:50,14:30
2023-04-21,Asr,8,17:42,13:50,14:30
2023-04-21,Maghrib,0,20:54,13:50,14:30
2023-04-21,Isha,8,22:20,13:50,14:30
2023-04-22,Fajr,8,05:04,13:50,14:30
2023-04-22,Shuruq,0,06:46,13:50,14:30
2023-04-22,Dhouhr,8,13:50,13:50,14:30
2023-04-22,Asr,8,17:42,13:50,14:30
2023-04-22,Maghrib,0,20:55,13:50,14:30
2023-04-22,Isha,8,22:22,13:50,14:30
2023-04-23,Fajr,8,05:01,13:50,14:30
2023-04-23,Shuruq,0,06:44,13:50,14:30
2023-04-23,Dhouhr,8,13:50,13:50,14:30
2023-04-23,Asr,8,17:43,13:50,14:30
2023-04-23,Maghrib,0,20:57,13:50,14:30
2023-04-23,Isha,8,22:24,13:50,14:30
2023-04-24,Fajr,8,04:59,13:50,14:30
2023-04-24,Shuruq,0,06:42,13:50,14:30
2023-04-24,Dhouhr,8,13:50,13:50,14:30
2023-04-24,Asr,8,17:44,13:50,14:30
2023-04-24,Maghrib,0,20:58,13:50,14:30
2023-04-24,Isha,8,22:25,13:50,14:30
2023-04-25,Fajr,8,04:57,13:50,14:30
2023-04-25,Shuruq,0,06:41,13:50,14:30
2023-04-25,Dhouhr,8,13:50,13:50,14:30
2023-04-25,Asr,8,17:44,13:50,14:30
2023-04-25,Maghrib,0,21:00,13:50,14:30
2023-04-25,Isha,8,22:27,13:50,14:30
2023-04-26,Fajr,8,04:55,13:50,14:30
2023-04-26,Shuruq,0,06:39,13:50,14:30
2023-04-26,Dhouhr,8,13:49,13:50,14:30
2023-04-26,Asr,8,17:45,13:50,14:30
2023-04-26,Maghrib,0,21:01,13:50,14:30
2023-04-26,Isha,8,22:29,13:50,14:30
2023-04-27,Fajr,8,04:52,13:50,14:30
2023-04-27,Shuruq,0,06:37,13:50,14:30
2023-04-27,Dhouhr,8,13:49,13:50,14:30
2023-04-27,Asr,8,17:45,13:50,14:30
2023-04-27,Maghrib,0,21:03,13:50,14:30
2023-04-27,Isha,8,22:31,13:50,14:30
2023-04-28,Fajr,8,04:50,13:50,14:30
2023-04-28,Shuruq,0,06:35,13:50,14:30
2023-04-28,Dhouhr,8,13:49,13:50,14:30
2023-04-28,Asr,8,17:46,13:50,14:30
2023-04-28,Maghrib,0,21:04,13:50,14:30
2023-04-28,Isha,8,22:32,13:50,14:30
2023-04-29,Fajr,8,04:48,13:50,14:30
2023-04-29,Shuruq,0,06:34,13:50,14:30
2023-04-29,Dhouhr,8,13:49,13:50,14:30
2023-04-29,Asr,8,17:47,13:50,14:30
2023-04-29,Maghrib,0,21:06,13:50,14:30
2023-04-29,Isha,8,22:34,13:50,14:30
2023-04-30,Fajr,8,04:46,13:50,14:30
2023-04-30,Shuruq,0,06:32,13:50,14:30
2023-04-30,Dhouhr,8,13:49,13:50,14:30
2023-04-30,Asr,8,17:47,13:50,14:30
2023-04-30,Maghrib,0,21:07,13:50,14:30
2023-04-30,Isha,8,22:36,13:50,14:30
2023-05-01,Fajr,8,04:43,13:50,14:30
2023-05-01,Shuruq,0,06:30,13:50,14:30
2023-05-01,Dhouhr,8,13:49,13:50,14:30
2023-05-01,Asr,8,17:48,13:50,14:30
2023-05-01,Maghrib,0,21:09,13:50,14:30
2023-05-01,Isha,8,22:38,13:50,14:30
2023-05-02,Fajr,8,04:41,13:50,14:30
2023-05-02,Shuruq,0,06:28,13:50,14:30
2023-05-02,Dhouhr,8,13:49,13:50,14:30
2023-05-02,Asr,8,17:48,13:50,14:30
2023-05-02,Maghrib,0,21:10,13:50,14:30
2023-05-02,Isha,8,22:40,13:50,14:30
2023-05-03,Fajr,8,04:39,13:50,14:30
2023-05-03,Shuruq,0,06:27,13:50,14:30
2023-05-03,Dhouhr,8,13:48,13:50,14:30
2023-05-03,Asr,8,17:49,13:50,14:30
2023-05-03,Maghrib,0,21:12,13:50,14:30
2023-05-03,Isha,8,22:41,13:50,14:30
2023-05-04,Fajr,8,04:37,13:50,14:30
2023-05-04,Shuruq,0,06:25,13:50,14:30
2023-05-04,Dhouhr,8,13:48,13:50,14:30
2023-05-04,Asr,8,17:49,13:50,14:30
2023-05-04,Maghrib,0,21:13,13:50,14:30
2023-05-04,Isha,8,22:43,13:50,14:30
2023-05-05,Fajr,8,04:35,13:50,14:30
2023-05-05,Shuruq,0,06:23,13:50,14:30
2023-05-05,Dhouhr,8,13:48,13:50,14:30
2023-05-05,Asr,8,17:50,13:50,14:30
2023-05-05,Maghrib,0,21:15,13:50,14:30
2023-05-05,Isha,8,22:45,13:50,14:30
2023-05-06,Fajr,8,04:32,13:50,14:30
2023-05-06,Shuruq,0,06:22,13:50,14:30
2023-05-06,Dhouhr,8,13:48,13:50,14:30
2023-05-06,Asr,8,17:50,13:50,14:30
2023-05-06,Maghrib,0,21:16,13:50,14:30
2023-05-06,Isha,8,22:47,13:50,14:30
2023-05-07,Fajr,8,04:30,13:50,14:30
2023-05-07,Shuruq,0,06:20,13:50,14:30
2023-05-07,Dhouhr,8,13:48,13:50,14:30
2023-05-07,Asr,8,17:51,13:50,14:30
2023-05-07,Maghrib,0,21:17,13:50,14:30
2023-05-07,Isha,8,22:49,13:50,14:30
2023-05-08,Fajr,8,04:28,13:50,14:30
2023-05-08,Shuruq,0,06:19,13:50,14:30
2023-05-08,Dhouhr,8,13:48,13:50,14:30
2023-05-08,Asr,8,17:52,13:50,14:30
2023-05-08,Maghrib,0,21:19,13:50,14:30
2023-05-08,Isha,8,22:51,13:50,14:30
2023-05-09,Fajr,8,04:26,13:50,14:30
2023-05-09,Shuruq,0,06:17,13:50,14:30
2023-05-09,Dhouhr,8,13:48,13:50,14:30
2023-05-09,Asr,8,17:52,13:50,14:30
2023-05-09,Maghrib,0,21:20,13:50,14:30
2023-05-09,Isha,8,22:52,13:50,14:30
2023-05-10,Fajr,8,04:24,13:50,14:30
2023-05-10,Shuruq,0,06:16,13:50,14:30
2023-05-10,Dhouhr,8,13:48,13:50,14:30
2023-05-10,Asr,8,17:53,13:50,14:30
2023-05-10,Maghrib,0,21:22,13:50,14:30
2023-05-10,Isha,8,22:54,13:50,14:30
2023-05-11,Fajr,8,04:22,13:50,14:30
2023-05-11,Shuruq,0,06:14,13:50,14:30
2023-05-11,Dhouhr,8,13:48,13:50,14:30
2023-05-11,Asr,8,17:53,13:50,14:30
2023-05-11,Maghrib,0,21:23,13:50,14:30
2023-05-11,Isha,8,22:56,13:50,14:30
2023-05-12,Fajr,8,04:20,13:50,14:30
2023-05-12,Shuruq,0,06:13,13:50,14:30
2023-05-12,Dhouhr,8,13:48,13:50,14:30
2023-05-12,Asr,8,17:54,13:50,14:30
2023-05-12,Maghrib,0,21:24,13:50,14:30
2023-05-12,Isha,8,22:58,13:50,14:30
2023-05-13,Fajr,8,04:18,13:50,14:30
2023-05-13,Shuruq,0,06:11,13:50,14:30
2023-05-13,Dhouhr,8,13:48,13:50,14:30
2023-05-13,Asr,8,17:54,13:50,14:30
2023-05-13,Maghrib,0,21:26,13:50,14:30
2023-05-13,Isha,8,23:00,13:50,14:30
2023-05-14,Fajr,8,04:16,13:50,14:30
2023-05-14,Shuruq,0,06:10,13:50,14:30
2023-05-14,Dhouhr,8,13:48,13:50,14:30
2023-05-14,Asr,8,17:55,13:50,14:30
2023-05-14,Maghrib,0,21:27,13:50,14:30
2023-05-14,Isha,8,23:02,13:50,14:30
2023-05-15,Fajr,8,04:14,13:50,14:30
2023-05-15,Shuruq,0,06:09,13:50,14:30
2023-05-15,Dhouhr,8,13:48,13:50,14:30
2023-05-15,Asr,8,17:55,13:50,14:30
2023-05-15,Maghrib,0,21:29,13:50,14:30
2023-05-15,Isha,8,23:03,13:50,14:30
2023-05-16,Fajr,8,04:12,13:50,14:30
2023-05-16,Shuruq,0,06:07,13:50,14:30
2023-05-16,Dhouhr,8,13:48,13:50,14:30
2023-05-16,Asr,8,17:56,13:50,14:30
2023-05-16,Maghrib,0,21:30,13:50,14:30
2023-05-16,Isha,8,23:05,13:50,14:30
2023-05-17,Fajr,8,04:10,13:50,14:30
2023-05-17,Shuruq,0,06:06,13:50,14:30
2023-05-17,Dhouhr,8,13:48,13:50,14:30
2023-05-17,Asr,8,17:56,13:50,14:30
2023-05-17,Maghrib,0,21:31,13:50,14:30
2023-05-17,Isha,8,23:07,13:50,14:30
2023-05-18,Fajr,8,04:08,13:50,14:30
2023-05-18,Shuruq,0,06:05,13:50,14:30
2023-05-18,Dhouhr,8,13:48,13:50,14:30
2023-05-18,Asr,8,17:57,13:50,14:30
2023-05-18,Maghrib,0,21:32,13:50,14:30
2023-05-18,Isha,8,23:09,13:50,14:30
2023-05-19,Fajr,8,04:06,13:50,14:30
2023-05-19,Shuruq,0,06:04,13:50,14:30
2023-05-19,Dhouhr,8,13:48,13:50,14:30
2023-05-19,Asr,8,17:57,13:50,14:30
2023-05-19,Maghrib,0,21:34,13:50,14:30
2023-05-19,Isha,8,23:10,13:50,14:30
2023-05-20,Fajr,8,04:04,13:50,14:30
2023-05-20,Shuruq,0,06:03,13:50,14:30
2023-05-20,Dhouhr,8,13:48,13:50,14:30
2023-05-20,Asr,8,17:58,13:50,14:30
2023-05-20,Maghrib,0,21:35,13:50,14:30
2023-05-20,Isha,8,23:12,13:50,14:30
2023-05-21,Fajr,8,04:02,13:50,14:30
2023-05-21,Shuruq,0,06:01,13:50,14:30
2023-05-21,Dhouhr,8,13:48,13:50,14:30
2023-05-21,Asr,8,17:58,13:50,14:30
2023-05-21,Maghrib,0,21:36,13:50,14:30
2023-05-21,Isha,8,23:14,13:50,14:30
2023-05-22,Fajr,8,04:00,13:50,14:30
2023-05-22,Shuruq,0,06:00,13:50,14:30
2023-05-22,Dhouhr,8,13:48,13:50,14:30
2023-05-22,Asr,8,17:59,13:50,14:30
2023-05-22,Maghrib,0,21:38,13:50,14:30
2023-05-22,Isha,8,23:16,13:50,14:30
2023-05-23,Fajr,8,03:58,13:50,14:30
2023-05-23,Shuruq,0,05:59,13:50,14:30
2023-05-23,Dhouhr,8,13:48,13:50,14:30
2023-05-23,Asr,8,17:59,13:50,14:30
2023-05-23,Maghrib,0,21:39,13:50,14:30
2023-05-23,Isha,8,23:17,13:50,14:30
2023-05-24,Fajr,8,03:56,13:50,14:30
2023-05-24,Shuruq,0,05:58,13:50,14:30
2023-05-24,Dhouhr,8,13:48,13:50,14:30
2023-05-24,Asr,8,18:00,13:50,14:30
2023-05-24,Maghrib,0,21:40,13:50,14:30
2023-05-24,Isha,8,23:19,13:50,14:30
2023-05-25,Fajr,8,03:55,13:50,14:30
2023-05-25,Shuruq,0,05:57,13:50,14:30
2023-05-25,Dhouhr,8,13:48,13:50,14:30
2023-05-25,Asr,8,18:00,13:50,14:30
2023-05-25,Maghrib,0,21:41,13:50,14:30
2023-05-25,Isha,8,23:21,13:50,14:30
2023-05-26,Fajr,8,03:53,13:50,14:30
2023-05-26,Shuruq,0,05:56,13:50,14:30
2023-05-26,Dhouhr,8,13:48,13:50,14:30
2023-05-26,Asr,8,18:00,13:50,14:30
2023-05-26,Maghrib,0,21:42,13:50,14:30
2023-05-26,Isha,8,23:22,13:50,14:30
2023-05-27,Fajr,8,03:51,13:50,14:30
2023-05-27,Shuruq,0,05:56,13:50,14:30
2023-05-27,Dhouhr,8,13:49,13:50,14:30
2023-05-27,Asr,8,18:01,13:50,14:30
2023-05-27,Maghrib,0,21:43,13:50,14:30
2023-05-27,Isha,8,23:24,13:50,14:30
2023-05-28,Fajr,8,03:50,13:50,14:30
2023-05-28,Shuruq,0,05:55,13:50,14:30
2023-05-28,Dhouhr,8,13:49,13:50,14:30
2023-05-28,Asr,8,18:01,13:50,14:30
2023-05-28,Maghrib,0,21:45,13:50,14:30
2023-05-28,Isha,8,23:26,13:50,14:30
2023-05-29,Fajr,8,03:48,13:50,14:30
2023-05-29,Shuruq,0,05:54,13:50,14:30
2023-05-29,Dhouhr,8,13:49,13:50,14:30
2023-05-29,Asr,8,18:02,13:50,14:30
2023-05-29,Maghrib,0,21:46,13:50,14:30
2023-05-29,Isha,8,23:27,13:50,14:30
2023-05-30,Fajr,8,03:47,13:50,14:30
2023-05-30,Shuruq,0,05:53,13:50,14:30
2023-05-30,Dhouhr,8,13:49,13:50,14:30
2023-05-30,Asr,8,18:02,13:50,14:30
2023-05-30,Maghrib,0,21:47,13:50,14:30
2023-05-30,Isha,8,23:29,13:50,14:30
2023-05-31,Fajr,8,03:45,13:50,14:30
2023-05-31,Shuruq,0,05:52,13:50,14:30
2023-05-31,Dhouhr,8,13:49,13:50,14:30
2023-05-31,Asr,8,18:03,13:50,14:30
2023-05-31,Maghrib,0,21:48,13:50,14:30
2023-05-31,Isha,8,23:30,13:50,14:30
2023-06-01,Fajr,8,03:44,13:50,14:30
2023-06-01,Shuruq,0,05:52,13:50,14:30
2023-06-01,Dhouhr,8,13:49,13:50,14:30
2023-06-01,Asr,8,18:03,13:50,14:30
2023-06-01,Maghrib,0,21:49,13:50,14:30
2023-06-01,Isha,8,23:32,13:50,14:30
2023-06-02,Fajr,8,03:42,13:50,14:30
2023-06-02,Shuruq,0,05:51,13:50,14:30
2023-06-02,Dhouhr,8,13:49,13:50,14:30
2023-06-02,Asr,8,18:03,13:50,14:30
2023-06-02,Maghrib,0,21:50,13:50,14:30
2023-06-02,Isha,8,23:33,13:50,14:30
2023-06-03,Fajr,8,03:41,13:50,14:30
2023-06-03,Shuruq,0,05:50,13:50,14:30
2023-06-03,Dhouhr,8,13:50,13:50,14:30
2023-06-03,Asr,8,18:04,13:50,14:30
2023-06-03,Maghrib,0,21:51,13:50,14:30
2023-06-03,Isha,8,23:34,13:50,14:30
2023-06-04,Fajr,8,03:40,13:50,14:30
2023-06-04,Shuruq,0,05:50,13:50,14:30
2023-06-04,Dhouhr,8,13:50,13:50,14:30
2023-06-04,Asr,8,18:04,13:50,14:30
2023-06-04,Maghrib,0,21:51,13:50,14:30
2023-06-04,Isha,8,23:36,13:50,14:30
2023-06-05,Fajr,8,03:39,13:50,14:30
2023-06-05,Shuruq,0,05:49,13:50,14:30
2023-06-05,Dhouhr,8,13:50,13:50,14:30
2023-06-05,Asr,8,18:05,13:50,14:30
2023-06-05,Maghrib,0,21:52,13:50,14:30
2023-06-05,Isha,8,23:37,13:50,14:30
2023-06-06,Fajr,8,03:37,13:50,14:30
2023-06-06,Shuruq,0,05:49,13:50,14:30
2023-06-06,Dhouhr,8,13:50,13:50,14:30
2023-06-06,Asr,8,18:05,13:50,14:30
2023-06-06,Maghrib,0,21:53,13:50,14:30
2023-06-06,Isha,8,23:38,13:50,14:30
2023-06-07,Fajr,8,03:36,13:50,14:30
2023-06-07,Shuruq,0,05:48,13:50,14:30
2023-06-07,Dhouhr,8,13:50,13:50,14:30
2023-06-07,Asr,8,18:05,13:50,14:30
2023-06-07,Maghrib,0,21:54,13:50,14:30
2023-06-07,Isha,8,23:39,13:50,14:30
2023-06-08,Fajr,8,03:35,13:50,14:30
2023-06-08,Shuruq,0,05:48,13:50,14:30
2023-06-08,Dhouhr,8,13:50,13:50,14:30
2023-06-08,Asr,8,18:06,13:50,14:30
2023-06-08,Maghrib,0,21:55,13:50,14:30
2023-06-08,Isha,8,23:40,13:50,14:30
2023-06-09,Fajr,8,03:34,13:50,14:30
2023-06-09,Shuruq,0,05:48,13:50,14:30
2023-06-09,Dhouhr,8,13:51,13:50,14:30
2023-06-09,Asr,8,18:06,13:50,14:30
2023-06-09,Maghrib,0,21:55,13:50,14:30
2023-06-09,Isha,8,23:41,13:50,14:30
2023-06-10,Fajr,8,03:34,13:50,14:30
2023-06-10,Shuruq,0,05:47,13:50,14:30
2023-06-10,Dhouhr,8,13:51,13:50,14:30
2023-06-10,Asr,8,18:06,13:50,14:30
2023-06-10,Maghrib,0,21:56,13:50,14:30
2023-06-10,Isha,8,23:42,13:50,14:30
2023-06-11,Fajr,8,03:33,13:50,14:30
2023-06-11,Shuruq,0,05:47,13:50,14:30
2023-06-11,Dhouhr,8,13:51,13:50,14:30
2023-06-11,Asr,8,18:07,13:50,14:30
2023-06-11,Maghrib,0,21:57,13:50,14:30
2023-06-11,Isha,8,23:43,13:50,14:30
2023-06-12,Fajr,8,03:32,13:50,14:30
2023-06-12,Shuruq,0,05:47,13:50,14:30
2023-06-12,Dhouhr,8,13:51,13:50,14:30
2023-06-12,Asr,8,18:07,13:50,14:30
2023-06-12,Maghrib,0,21:57,13:50,14:30
2023-06-12,Isha,8,23:44,13:50,14:30
2023-06-13,Fajr,8,03:31,13:50,14:30
2023-06-13,Shuruq,0,05:47,13:50,14:30
2023-06-13,Dhouhr,8,13:51,13:50,14:30
2023-06-13,Asr,8,18:07,13:50,14:30
2023-06-13,Maghrib,0,21:58,13:50,14:30
2023-06-13,Isha,8,23:45,13:50,14:30
2023-06-14,Fajr,8,03:31,13:50,14:30
2023-06-14,Shuruq,0,05:47,13:50,14:30
2023-06-14,Dhouhr,8,13:52,13:50,14:30
2023-06-14,Asr,8,18:08,13:50,14:30
2023-06-14,Maghrib,0,21:59,13:50,14:30
2023-06-14,Isha,8,23:46,13:50,14:30
2023-06-15,Fajr,8,03:30,13:50,14:30
2023-06-15,Shuruq,0,05:47,13:50,14:30
2023-06-15,Dhouhr,8,13:52,13:50,14:30
2023-06-15,Asr,8,18:08,13:50,14:30
2023-06-15,Maghrib,0,21:59,13:50,14:30
2023-06-15,Isha,8,23:46,13:50,14:30
2023-06-16,Fajr,8,03:30,13:50,14:30
2023-06-16,Shuruq,0,05:47,13:50,14:30
2023-06-16,Dhouhr,8,13:52,13:50,14:30
2023-06-16,Asr,8,18:08,13:50,14:30
2023-06-16,Maghrib,0,21:59,13:50,14:30
2023-06-16,Isha,8,23:47,13:50,14:30
2023-06-17,Fajr,8,03:30,13:50,14:30
2023-06-17,Shuruq,0,05:47,13:50,14:30
2023-06-17,Dhouhr,8,13:52,13:50,14:30
2023-06-17,Asr,8,18:09,13:50,14:30
2023-06-17,Maghrib,0,22:00,13:50,14:30
2023-06-17,Isha,8,23:47,13:50,14:30
2023-06-18,Fajr,8,03:30,13:50,14:30
2023-06-18,Shuruq,0,05:47,13:50,14:30
2023-06-18,Dhouhr,8,13:52,13:50,14:30
2023-06-18,Asr,8,18:09,13:50,14:30
2023-06-18,Maghrib,0,22:00,13:50,14:30
2023-06-18,Isha,8,23:48,13:50,14:30
2023-06-19,Fajr,8,03:30,13:50,14:30
2023-06-19,Shuruq,0,05:47,13:50,14:30
2023-06-19,Dhouhr,8,13:53,13:50,14:30
2023-06-19,Asr,8,18:09,13:50,14:30
2023-06-19,Maghrib,0,22:01,13:50,14:30
2023-06-19,Isha,8,23:48,13:50,14:30
2023-06-20,Fajr,8,03:30,13:50,14:30
2023-06-20,Shuruq,0,05:47,13:50,14:30
2023-06-20,Dhouhr,8,13:53,13:50,14:30
2023-06-20,Asr,8,18:09,13:50,14:30
2023-06-20,Maghrib,0,22:01,13:50,14:30
2023-06-20,Isha,8,23:49,13:50,14:30
2023-06-21,Fajr,8,03:30,13:50,14:30
2023-06-21,Shuruq,0,05:47,13:50,14:30
2023-06-21,Dhouhr,8,13:53,13:50,14:30
2023-06-21,Asr,8,18:10,13:50,14:30
2023-06-21,Maghrib,0,22:01,13:50,14:30
2023-06-21,Isha,8,23:49,13:50,14:30
2023-06-22,Fajr,8,03:30,13:50,14:30
2023-06-22,Shuruq,0,05:47,13:50,14:30
2023-06-22,Dhouhr,8,13:53,13:50,14:30
2023-06-22,Asr,8,18:10,13:50,14:30
2023-06-22,Maghrib,0,22:01,13:50,14:30
2023-06-22,Isha,8,23:49,13:50,14:30
2023-06-23,Fajr,8,03:31,13:50,14:30
2023-06-23,Shuruq,0,05:48,13:50,14:30
2023-06-23,Dhouhr,8,13:54,13:50,14:30
2023-06-23,Asr,8,18:10,13:50,14:30
2023-06-23,Maghrib,0,22:01,13:50,14:30
2023-06-23,Isha,8,23:49,13:50,14:30
2023-06-24,Fajr,8,03:31,13:50,14:30
2023-06-24,Shuruq,0,05:48,13:50,14:30
2023-06-24,Dhouhr,8,13:54,13:50,14:30
2023-06-24,Asr,8,18:10,13:50,14:30
2023-06-24,Maghrib,0,22:01,13:50,14:30
2023-06-24,Isha,8,23:49,13:50,14:30
2023-06-25,Fajr,8,03:31,13:50,14:30
2023-06-25,Shuruq,0,05:48,13:50,14:30
2023-06-25,Dhouhr,8,13:54,13:50,14:30
2023-06-25,Asr,8,18:10,13:50,14:30
2023-06-25,Maghrib,0,22:02,13:50,14:30
2023-06-25,Isha,8,23:49,13:50,14:30
2023-06-26,Fajr,8,03:32,13:50,14:30
2023-06-26,Shuruq,0,05:49,13:50,14:30
2023-06-26,Dhouhr,8,13:54,13:50,14:30
2023-06-26,Asr,8,18:10,13:50,14:30
2023-06-26,Maghrib,0,22:02,13:50,14:30
2023-06-26,Isha,8,23:49,13:50,14:30
2023-06-27,Fajr,8,03:33,13:50,14:30
2023-06-27,Shuruq,0,05:49,13:50,14:30
2023-06-27,Dhouhr,8,13:54,13:50,14:30
2023-06-27,Asr,8,18:11,13:50,14:30
2023-06-27,Maghrib,0,22:02,13:50,14:30
2023-06-27,Isha,8,23:49,13:50,14:30
2023-06-28,Fajr,8,03:33,13:50,14:30
2023-06-28,Shuruq,0,05:50,13:50,14:30
2023-06-28,Dhouhr,8,13:55,13:50,14:30
2023-06-28,Asr,8,18:11,13:50,14:30
2023-06-28,Maghrib,0,22:01,13:50,14:30
2023-06-28,Isha,8,23:48,13:50,14:30
2023-06-29,Fajr,8,03:34,13:50,14:30
2023-06-29,Shuruq,0,05:50,13:50,14:30
2023-06-29,Dhouhr,8,13:55,13:50,14:30
2023-06-29,Asr,8,18:11,13:50,14:30
2023-06-29,Maghrib,0,22:01,13:50,14:30
2023-06-29,Isha,8,23:48,13:50,14:30
2023-06-30,Fajr,8,03:35,13:50,14:30
2023-06-30,Shuruq,0,05:51,13:50,14:30
2023-06-30,Dhouhr,8,13:55,13:50,14:30
2023-06-30,Asr,8,18:11,13:50,14:30
2023-06-30,Maghrib,0,22:01,13:50,14:30
2023-06-30,Isha,8,23:48,13:50,14:30
2023-07-01,Fajr,8,03:36,13:50,14:30
2023-07-01,Shuruq,0,05:51,13:50,14:30
2023-07-01,Dhouhr,8,13:55,13:50,14:30
2023-07-01,Asr,8,18:11,13:50,14:30
2023-07-01,Maghrib,0,22:01,13:50,14:30
2023-07-01,Isha,8,23:47,13:50,14:30
2023-07-02,Fajr,8,03:37,13:50,14:30
2023-07-02,Shuruq,0,05:52,13:50,14:30
2023-07-02,Dhouhr,8,13:55,13:50,14:30
2023-07-02,Asr,8,18:11,13:50,14:30
2023-07-02,Maghrib,0,22:01,13:50,14:30
2023-07-02,Isha,8,23:47,13:50,14:30
2023-07-03,Fajr,8,03:38,13:50,14:30
2023-07-03,Shuruq,0,05:53,13:50,14:30
2023-07-03,Dhouhr,8,13:56,13:50,14:30
2023-07-03,Asr,8,18:11,13:50,14:30
2023-07-03,Maghrib,0,22:00,13:50,14:30
2023-07-03,Isha,8,23:46,13:50,14:30
2023-07-04,Fajr,8,03:40,13:50,14:30
2023-07-04,Shuruq,0,05:53,13:50,14:30
2023-07-04,Dhouhr,8,13:56,13:50,14:30
2023-07-04,Asr,8,18:11,13:50,14:30
2023-07-04,Maghrib,0,22:00,13:50,14:30
2023-07-04,Isha,8,23:45,13:50,14:30
2023-07-05,Fajr,8,03:41,13:50,14:30
2023-07-05,Shuruq,0,05:54,13:50,14:30
2023-07-05,Dhouhr,8,13:56,13:50,14:30
2023-07-05,Asr,8,18:11,13:50,14:30
2023-07-05,Maghrib,0,22:00,13:50,14:30
2023-07-05,Isha,8,23:44,13:50,14:30
2023-07-06,Fajr,8,03:42,13:50,14:30
2023-07-06,Shuruq,0,05:55,13:50,14:30
2023-07-06,Dhouhr,8,13:57,13:50,14:30
2023-07-06,Asr,8,18:11,13:50,14:30
2023-07-06,Maghrib,0,21:59,13:50,14:30
2023-07-06,Isha,8,23:44,13:50,14:30
2023-07-07,Fajr,8,03:44,13:50,14:30
2023-07-07,Shuruq,0,05:56,13:50,14:30
2023-07-07,Dhouhr,8,13:57,13:50,14:30
2023-07-07,Asr,8,18:11,13:50,14:30
2023-07-07,Maghrib,0,21:59,13:50,14:30
2023-07-07,Isha,8,23:43,13:50,14:30
2023-07-08,Fajr,8,03:45,13:50,14:30
2023-07-08,Shuruq,0,05:57,13:50,14:30
2023-07-08,Dhouhr,8,13:57,13:50,14:30
2023-07-08,Asr,8,18:11,13:50,14:30
2023-07-08,Maghrib,0,21:58,13:50,14:30
2023-07-08,Isha,8,23:42,13:50,14:30
2023-07-09,Fajr,8,03:47,13:50,14:30
2023-07-09,Shuruq,0,05:58,13:50,14:30
2023-07-09,Dhouhr,8,13:57,13:50,14:30
2023-07-09,Asr,8,18:11,13:50,14:30
2023-07-09,Maghrib,0,21:57,13:50,14:30
2023-07-09,Isha,8,23:41,13:50,14:30
2023-07-10,Fajr,8,03:48,13:50,14:30
2023-07-10,Shuruq,0,05:58,13:50,14:30
2023-07-10,Dhouhr,8,13:57,13:50,14:30
2023-07-10,Asr,8,18:11,13:50,14:30
2023-07-10,Maghrib,0,21:57,13:50,14:30
2023-07-10,Isha,8,23:40,13:50,14:30
2023-07-11,Fajr,8,03:50,13:50,14:30
2023-07-11,Shuruq,0,05:59,13:50,14:30
2023-07-11,Dhouhr,8,13:57,13:50,14:30
2023-07-11,Asr,8,18:11,13:50,14:30
2023-07-11,Maghrib,0,21:56,13:50,14:30
2023-07-11,Isha,8,23:39,13:50,14:30
2023-07-12,Fajr,8,03:51,13:50,14:30
2023-07-12,Shuruq,0,06:00,13:50,14:30
2023-07-12,Dhouhr,8,13:57,13:50,14:30
2023-07-12,Asr,8,18:10,13:50,14:30
2023-07-12,Maghrib,0,21:55,13:50,14:30
2023-07-12,Isha,8,23:37,13:50,14:30
2023-07-13,Fajr,8,03:53,13:50,14:30
2023-07-13,Shuruq,0,06:01,13:50,14:30
2023-07-13,Dhouhr,8,13:57,13:50,14:30
2023-07-13,Asr,8,18:10,13:50,14:30
2023-07-13,Maghrib,0,21:55,13:50,14:30
2023-07-13,Isha,8,23:36,13:50,14:30
2023-07-14,Fajr,8,03:55,13:50,14:30
2023-07-14,Shuruq,0,06:02,13:50,14:30
2023-07-14,Dhouhr,8,13:57,13:50,14:30
2023-07-14,Asr,8,18:10,13:50,14:30
2023-07-14,Maghrib,0,21:54,13:50,14:30
2023-07-14,Isha,8,23:35,13:50,14:30
2023-07-15,Fajr,8,03:56,13:50,14:30
2023-07-15,Shuruq,0,06:03,13:50,14:30
2023-07-15,Dhouhr,8,13:57,13:50,14:30
2023-07-15,Asr,8,18:10,13:50,14:30
2023-07-15,Maghrib,0,21:53,13:50,14:30
2023-07-15,Isha,8,23:34,13:50,14:30
2023-07-16,Fajr,8,03:58,13:50,14:30
2023-07-16,Shuruq,0,06:04,13:50,14:30
2023-07-16,Dhouhr,8,13:57,13:50,14:30
2023-07-16,Asr,8,18:10,13:50,14:30
2023-07-16,Maghrib,0,21:52,13:50,14:30
2023-07-16,Isha,8,23:32,13:50,14:30
2023-07-17,Fajr,8,04:00,13:50,14:30
2023-07-17,Shuruq,0,06:06,13:50,14:30
2023-07-17,Dhouhr,8,13:58,13:50,14:30
2023-07-17,Asr,8,18:09,13:50,14:30
2023-07-17,Maghrib,0,21:51,13:50,14:30
2023-07-17,Isha,8,23:31,13:50,14:30
2023-07-18,Fajr,8,04:02,13:50,14:30
2023-07-18,Shuruq,0,06:07,13:50,14:30
2023-07-18,Dhouhr,8,13:58,13:50,14:30
2023-07-18,Asr,8,18:09,13:50,14:30
2023-07-18,Maghrib,0,21:50,13:50,14:30
2023-07-18,Isha,8,23:29,13:50,14:30
2023-07-19,Fajr,8,04:04,13:50,14:30
2023-07-19,Shuruq,0,06:08,13:50,14:30
2023-07-19,Dhouhr,8,13:58,13:50,14:30
2023-07-19,Asr,8,18:09,13:50,14:30
2023-07-19,Maghrib,0,21:49,13:50,14:30
2023-07-19,Isha,8,23:28,13:50,14:30
2023-07-20,Fajr,8,04:06,13:50,14:30
2023-07-20,Shuruq,0,06:09,13:50,14:30
2023-07-20,Dhouhr,8,13:58,13:50,14:30
2023-07-20,Asr,8,18:09,13:50,14:30
2023-07-20,Maghrib,0,21:48,13:50,14:30
2023-07-20,Isha,8,23:26,13:50,14:30
2023-07-21,Fajr,8,04:08,13:50,14:30
2023-07-21,Shuruq,0,06:10,13:50,14:30
2023-07-21,Dhouhr,8,13:58,13:50,14:30
2023-07-21,Asr,8,18:08,13:50,14:30
2023-07-21,Maghrib,0,21:47,13:50,14:30
2023-07-21,Isha,8,23:25,13:50,14:30
2023-07-22,Fajr,8,04:10,13:50,14:30
2023-07-22,Shuruq,0,06:11,13:50,14:30
2023-07-22,Dhouhr,8,13:58,13:50,14:30
2023-07-22,Asr,8,18:08,13:50,14:30
2023-07-22,Maghrib,0,21:46,13:50,14:30
2023-07-22,Isha,8,23:23,13:50,14:30
2023-07-23,Fajr,8,04:11,13:50,14:30
2023-07-23,Shuruq,0,06:13,13:50,14:30
2023-07-23,Dhouhr,8,13:58,13:50,14:30
2023-07-23,Asr,8,18:07,13:50,14:30
2023-07-23,Maghrib,0,21:45,13:50,14:30
2023-07-23,Isha,8,23:21,13:50,14:30
2023-07-24,Fajr,8,04:13,13:50,14:30
2023-07-24,Shuruq,0,06:14,13:50,14:30
2023-07-24,Dhouhr,8,13:58,13:50,14:30
2023-07-24,Asr,8,18:07,13:50,14:30
2023-07-24,Maghrib,0,21:44,13:50,14:30
2023-07-24,Isha,8,23:20,13:50,14:30
2023-07-25,Fajr,8,04:15,13:50,14:30
2023-07-25,Shuruq,0,06:15,13:50,14:30
2023-07-25,Dhouhr,8,13:58,13:50,14:30
2023-07-25,Asr,8,18:07,13:50,14:30
2023-07-25,Maghrib,0,21:42,13:50,14:30
2023-07-25,Isha,8,23:18,13:50,14:30
2023-07-26,Fajr,8,04:17,13:50,14:30
2023-07-26,Shuruq,0,06:16,13:50,14:30
2023-07-26,Dhouhr,8,13:58,13:50,14:30
2023-07-26,Asr,8,18:06,13:50,14:30
2023-07-26,Maghrib,0,21:41,13:50,14:30
2023-07-26,Isha,8,23:16,13:50,14:30
2023-07-27,Fajr,8,04:19,13:50,14:30
2023-07-27,Shuruq,0,06:18,13:50,14:30
2023-07-27,Dhouhr,8,13:58,13:50,14:30
2023-07-27,Asr,8,18:06,13:50,14:30
2023-07-27,Maghrib,0,21:40,13:50,14:30
2023-07-27,Isha,8,23:15,13:50,14:30
2023-07-28,Fajr,8,04:21,13:50,14:30
2023-07-28,Shuruq,0,06:19,13:50,14:30
2023-07-28,Dhouhr,8,13:58,13:50,14:30
2023-07-28,Asr,8,18:05,13:50,14:30
2023-07-28,Maghrib,0,21:38,13:50,14:30
2023-07-28,Isha,8,23:13,13:50,14:30
2023-07-29,Fajr,8,04:23,13:50,14:30
2023-07-29,Shuruq,0,06:20,13:50,14:30
2023-07-29,Dhouhr,8,13:58,13:50,14:30
2023-07-29,Asr,8,18:05,13:50,14:30
2023-07-29,Maghrib,0,21:37,13:50,14:30
2023-07-29,Isha,8,23:11,13:50,14:30
2023-07-30,Fajr,8,04:25,13:50,14:30
2023-07-30,Shuruq,0,06:22,13:50,14:30
2023-07-30,Dhouhr,8,13:58,13:50,14:30
2023-07-30,Asr,8,18:04,13:50,14:30
2023-07-30,Maghrib,0,21:36,13:50,14:30
2023-07-30,Isha,8,23:09,13:50,14:30
2023-07-31,Fajr,8,04:27,13:50,14:30
2023-07-31,Shuruq,0,06:23,13:50,14:30
2023-07-31,Dhouhr,8,13:58,13:50,14:30
2023-07-31,Asr,8,18:04,13:50,14:30
2023-07-31,Maghrib,0,21:34,13:50,14:30
2023-07-31,Isha,8,23:07,13:50,14:30
2023-08-01,Fajr,8,04:29,13:50,14:30
2023-08-01,Shuruq,0,06:24,13:50,14:30
2023-08-01,Dhouhr,8,13:58,13:50,14:30
2023-08-01,Asr,8,18:03,13:50,14:30
2023-08-01,Maghrib,0,21:33,13:50,14:30
2023-08-01,Isha,8,23:05,13:50,14:30
2023-08-02,Fajr,8,04:31,13:50,14:30
2023-08-02,Shuruq,0,06:26,13:50,14:30
2023-08-02,Dhouhr,8,13:58,13:50,14:30
2023-08-02,Asr,8,18:02,13:50,14:30
2023-08-02,Maghrib,0,21:31,13:50,14:30
2023-08-02,Isha,8,23:03,13:50,14:30
2023-08-03,Fajr,8,04:33,13:50,14:30
2023-08-03,Shuruq,0,06:27,13:50,14:30
2023-08-03,Dhouhr,8,13:58,13:50,14:30
2023-08-03,Asr,8,18:02,13:50,14:30
2023-08-03,Maghrib,0,21:30,13:50,14:30
2023-08-03,Isha,8,23:01,13:50,14:30
2023-08-04,Fajr,8,04:35,13:50,14:30
2023-08-04,Shuruq,0,06:28,13:50,14:30
2023-08-04,Dhouhr,8,13:57,13:50,14:30
2023-08-04,Asr,8,18:01,13:50,14:30
2023-08-04,Maghrib,0,21:28,13:50,14:30
2023-08-04,Isha,8,23:00,13:50,14:30
2023-08-05,Fajr,8,04:37,13:50,14:30
2023-08-05,Shuruq,0,06:30,13:50,14:30
2023-08-05,Dhouhr,8,13:57,13:50,14:30
2023-08-05,Asr,8,18:00,13:50,14:30
2023-08-05,Maghrib,0,21:27,13:50,14:30
2023-08-05,Isha,8,22:58,13:50,14:30
2023-08-06,Fajr,8,04:39,13:50,14:30
2023-08-06,Shuruq,0,06:31,13:50,14:30
2023-08-06,Dhouhr,8,13:57,13:50,14:30
2023-08-06,Asr,8,18:00,13:50,14:30
2023-08-06,Maghrib,0,21:25,13:50,14:30
2023-08-06,Isha,8,22:56,13:50,14:30
2023-08-07,Fajr,8,04:41,13:50,14:30
2023-08-07,Shuruq,0,06:32,13:50,14:30
2023-08-07,Dhouhr,8,13:57,13:50,14:30
2023-08-07,Asr,8,17:59,13:50,14:30
2023-08-07,Maghrib,0,21:24,13:50,14:30
2023-08-07,Isha,8,22:55,13:50,14:30
2023-08-08,Fajr,8,04:43,13:50,14:30
2023-08-08,Shuruq,0,06:34,13:50,14:30
2023-08-08,Dhouhr,8,13:57,13:50,14:30
2023-08-08,Asr,8,17:58,13:50,14:30
2023-08-08,Maghrib,0,21:22,13:50,14:30
2023-08-08,Isha,8,22:52,13:50,14:30
2023-08-09,Fajr,8,04:45,13:50,14:30
2023-08-09,Shuruq,0,06:35,13:50,14:30
2023-08-09,Dhouhr,8,13:57,13:50,14:30
2023-08-09,Asr,8,17:57,13:50,14:30
2023-08-09,Maghrib,0,21:20,13:50,14:30
2023-08-09,Isha,8,22:49,13:50,14:30
2023-08-10,Fajr,8,04:47,13:50,14:30
2023-08-10,Shuruq,0,06:36,13:50,14:30
2023-08-10,Dhouhr,8,13:57,13:50,14:30
2023-08-10,Asr,8,17:57,13:50,14:30
2023-08-10,Maghrib,0,21:19,13:50,14:30
2023-08-10,Isha,8,22:47,13:50,14:30
2023-08-11,Fajr,8,04:49,13:50,14:30
2023-08-11,Shuruq,0,06:38,13:50,14:30
2023-08-11,Dhouhr,8,13:57,13:50,14:30
2023-08-11,Asr,8,17:56,13:50,14:30
2023-08-11,Maghrib,0,21:17,13:50,14:30
2023-08-11,Isha,8,22:45,13:50,14:30
2023-08-12,Fajr,8,04:51,13:50,14:30
2023-08-12,Shuruq,0,06:39,13:50,14:30
2023-08-12,Dhouhr,8,13:57,13:50,14:30
2023-08-12,Asr,8,17:55,13:50,14:30
2023-08-12,Maghrib,0,21:15,13:50,14:30
2023-08-12,Isha,8,22:43,13:50,14:30
2023-08-13,Fajr,8,04:53,13:50,14:30
2023-08-13,Shuruq,0,06:41,13:50,14:30
2023-08-13,Dhouhr,8,13:56,13:50,14:30
2023-08-13,Asr,8,17:54,13:50,14:30
2023-08-13,Maghrib,0,21:13,13:50,14:30
2023-08-13,Isha,8,22:41,13:50,14:30
2023-08-14,Fajr,8,04:54,13:50,14:30
2023-08-14,Shuruq,0,06:42,13:50,14:30
2023-08-14,Dhouhr,8,13:56,13:50,14:30
2023-08-14,Asr,8,17:53,13:50,14:30
2023-08-14,Maghrib,0,21:12,13:50,14:30
2023-08-14,Isha,8,22:39,13:50,14:30
2023-08-15,Fajr,8,04:56,13:50,14:30
2023-08-15,Shuruq,0,06:43,13:50,14:30
2023-08-15,Dhouhr,8,13:56,13:50,14:30
2023-08-15,Asr,8,17:52,13:50,14:30
2023-08-15,Maghrib,0,21:10,13:50,14:30
2023-08-15,Isha,8,22:37,13:50,14:30
2023-08-16,Fajr,8,04:58,13:50,14:30
2023-08-16,Shuruq,0,06:45,13:50,14:30
2023-08-16,Dhouhr,8,13:56,13:50,14:30
2023-08-16,Asr,8,17:51,13:50,14:30
2023-08-16,Maghrib,0,21:08,13:50,14:30
2023-08-16,Isha,8,22:35,13:50,14:30
2023-08-17,Fajr,8,05:00,13:50,14:30
2023-08-17,Shuruq,0,06:46,13:50,14:30
2023-08-17,Dhouhr,8,13:56,13:50,14:30
2023-08-17,Asr,8,17:50,13:50,14:30
2023-08-17,Maghrib,0,21:06,13:50,14:30
2023-08-17,Isha,8,22:33,13:50,14:30
2023-08-18,Fajr,8,05:02,13:50,14:30
2023-08-18,Shuruq,0,06:48,13:50,14:30
2023-08-18,Dhouhr,8,13:55,13:50,14:30
2023-08-18,Asr,8,17:49,13:50,14:30
2023-08-18,Maghrib,0,21:04,13:50,14:30
2023-08-18,Isha,8,22:31,13:50,14:30
2023-08-19,Fajr,8,05:04,13:50,14:30
2023-08-19,Shuruq,0,06:49,13:50,14:30
2023-08-19,Dhouhr,8,13:55,13:50,14:30
2023-08-19,Asr,8,17:48,13:50,14:30
2023-08-19,Maghrib,0,21:02,13:50,14:30
2023-08-19,Isha,8,22:28,13:50,14:30
2023-08-20,Fajr,8,05:05,13:50,14:30
2023-08-20,Shuruq,0,06:51,13:50,14:30
2023-08-20,Dhouhr,8,13:55,13:50,14:30
2023-08-20,Asr,8,17:47,13:50,14:30
2023-08-20,Maghrib,0,21:00,13:50,14:30
2023-08-20,Isha,8,22:26,13:50,14:30
2023-08-21,Fajr,8,05:07,13:50,14:30
2023-08-21,Shuruq,0,06:52,13:50,14:30
2023-08-21,Dhouhr,8,13:55,13:50,14:30
2023-08-21,Asr,8,17:46,13:50,14:30
2023-08-21,Maghrib,0,20:59,13:50,14:30
2023-08-21,Isha,8,22:25,13:50,14:30
2023-08-22,Fajr,8,05:09,13:50,14:30
2023-08-22,Shuruq,0,06:53,13:50,14:30
2023-08-22,Dhouhr,8,13:54,13:50,14:30
2023-08-22,Asr,8,17:45,13:50,14:30
2023-08-22,Maghrib,0,20:57,13:50,14:30
2023-08-22,Isha,8,22:22,13:50,14:30
2023-08-23,Fajr,8,05:11,13:50,14:30
2023-08-23,Shuruq,0,06:55,13:50,14:30
2023-08-23,Dhouhr,8,13:54,13:50,14:30
2023-08-23,Asr,8,17:44,13:50,14:30
2023-08-23,Maghrib,0,20:55,13:50,14:30
2023-08-23,Isha,8,22:20,13:50,14:30
2023-08-24,Fajr,8,05:13,13:50,14:30
2023-08-24,Shuruq,0,06:56,13:50,14:30
2023-08-24,Dhouhr,8,13:54,13:50,14:30
2023-08-24,Asr,8,17:43,13:50,14:30
2023-08-24,Maghrib,0,20:53,13:50,14:30
2023-08-24,Isha,8,22:18,13:50,14:30
2023-08-25,Fajr,8,05:14,13:50,14:30
2023-08-25,Shuruq,0,06:58,13:50,14:30
2023-08-25,Dhouhr,8,13:54,13:50,14:30
2023-08-25,Asr,8,17:42,13:50,14:30
2023-08-25,Maghrib,0,20:51,13:50,14:30
2023-08-25,Isha,8,22:16,13:50,14:30
2023-08-26,Fajr,8,05:16,13:50,14:30
2023-08-26,Shuruq,0,06:59,13:50,14:30
2023-08-26,Dhouhr,8,13:53,13:50,14:30
2023-08-26,Asr,8,17:41,13:50,14:30
2023-08-26,Maghrib,0,20:49,13:50,14:30
2023-08-26,Isha,8,22:13,13:50,14:30
2023-08-27,Fajr,8,05:18,13:50,14:30
2023-08-27,Shuruq,0,07:00,13:50,14:30
2023-08-27,Dhouhr,8,13:53,13:50,14:30
2023-08-27,Asr,8,17:40,13:50,14:30
2023-08-27,Maghrib,0,20:47,13:50,14:30
2023-08-27,Isha,8,22:11,13:50,14:30
2023-08-28,Fajr,8,05:19,13:50,14:30
2023-08-28,Shuruq,0,07:02,13:50,14:30
2023-08-28,Dhouhr,8,13:53,13:50,14:30
2023-08-28,Asr,8,17:38,13:50,14:30
2023-08-28,Maghrib,0,20:45,13:50,14:30
2023-08-28,Isha,8,22:09,13:50,14:30
2023-08-29,Fajr,8,05:21,13:50,14:30
2023-08-29,Shuruq,0,07:03,13:50,14:30
2023-08-29,Dhouhr,8,13:52,13:50,14:30
2023-08-29,Asr,8,17:37,13:50,14:30
2023-08-29,Maghrib,0,20:43,13:50,14:30
2023-08-29,Isha,8,22:07,13:50,14:30
2023-08-30,Fajr,8,05:23,13:50,14:30
2023-08-30,Shuruq,0,07:05,13:50,14:30
2023-08-30,Dhouhr,8,13:52,13:50,14:30
2023-08-30,Asr,8,17:36,13:50,14:30
2023-08-30,Maghrib,0,20:41,13:50,14:30
2023-08-30,Isha,8,22:05,13:50,14:30
2023-08-31,Fajr,8,05:24,13:50,14:30
2023-08-31,Shuruq,0,07:06,13:50,14:30
2023-08-31,Dhouhr,8,13:52,13:50,14:30
2023-08-31,Asr,8,17:35,13:50,14:30
2023-08-31,Maghrib,0,20:39,13:50,14:30
2023-08-31,Isha,8,22:03,13:50,14:30
2023-09-01,Fajr,8,05:26,13:50,14:30
2023-09-01,Shuruq,0,07:08,13:50,14:30
2023-09-01,Dhouhr,8,13:52,13:50,14:30
2023-09-01,Asr,8,17:34,13:50,14:30
2023-09-01,Maghrib,0,20:37,13:50,14:30
2023-09-01,Isha,8,22:00,13:50,14:30
2023-09-02,Fajr,8,05:28,13:50,14:30
2023-09-02,Shuruq,0,07:09,13:50,14:30
2023-09-02,Dhouhr,8,13:51,13:50,14:30
2023-09-02,Asr,8,17:32,13:50,14:30
2023-09-02,Maghrib,0,20:35,13:50,14:30
2023-09-02,Isha,8,21:58,13:50,14:30
2023-09-03,Fajr,8,05:29,13:50,14:30
2023-09-03,Shuruq,0,07:10,13:50,14:30
2023-09-03,Dhouhr,8,13:51,13:50,14:30
2023-09-03,Asr,8,17:31,13:50,14:30
2023-09-03,Maghrib,0,20:33,13:50,14:30
2023-09-03,Isha,8,21:56,13:50,14:30
2023-09-04,Fajr,8,05:31,13:50,14:30
2023-09-04,Shuruq,0,07:12,13:50,14:30
2023-09-04,Dhouhr,8,13:51,13:50,14:30
2023-09-04,Asr,8,17:30,13:50,14:30
2023-09-04,Maghrib,0,20:30,13:50,14:30
2023-09-04,Isha,8,21:54,13:50,14:30
2023-09-05,Fajr,8,05:33,13:50,14:30
2023-09-05,Shuruq,0,07:13,13:50,14:30
2023-09-05,Dhouhr,8,13:50,13:50,14:30
2023-09-05,Asr,8,17:28,13:50,14:30
2023-09-05,Maghrib,0,20:28,13:50,14:30
2023-09-05,Isha,8,21:52,13:50,14:30
2023-09-06,Fajr,8,05:34,13:50,14:30
2023-09-06,Shuruq,0,07:15,13:50,14:30
2023-09-06,Dhouhr,8,13:50,13:50,14:30
2023-09-06,Asr,8,17:27,13:50,14:30
2023-09-06,Maghrib,0,20:26,13:50,14:30
2023-09-06,Isha,8,21:50,13:50,14:30
2023-09-07,Fajr,8,05:36,13:50,14:30
2023-09-07,Shuruq,0,07:16,13:50,14:30
2023-09-07,Dhouhr,8,13:50,13:50,14:30
2023-09-07,Asr,8,17:26,13:50,14:30
2023-09-07,Maghrib,0,20:24,13:50,14:30
2023-09-07,Isha,8,21:47,13:50,14:30
2023-09-08,Fajr,8,05:37,13:50,14:30
2023-09-08,Shuruq,0,07:17,13:50,14:30
2023-09-08,Dhouhr,8,13:49,13:50,14:30
2023-09-08,Asr,8,17:24,13:50,14:30
2023-09-08,Maghrib,0,20:22,13:50,14:30
2023-09-08,Isha,8,21:45,13:50,14:30
2023-09-09,Fajr,8,05:39,13:50,14:30
2023-09-09,Shuruq,0,07:19,13:50,14:30
2023-09-09,Dhouhr,8,13:49,13:50,14:30
2023-09-09,Asr,8,17:23,13:50,14:30
2023-09-09,Maghrib,0,20:20,13:50,14:30
2023-09-09,Isha,8,21:43,13:50,14:30
2023-09-10,Fajr,8,05:40,13:50,14:30
2023-09-10,Shuruq,0,07:20,13:50,14:30
2023-09-10,Dhouhr,8,13:49,13:50,14:30
2023-09-10,Asr,8,17:22,13:50,14:30
2023-09-10,Maghrib,0,20:18,13:50,14:30
2023-09-10,Isha,8,21:41,13:50,14:30
2023-09-11,Fajr,8,05:42,13:50,14:30
2023-09-11,Shuruq,0,07:22,13:50,14:30
2023-09-11,Dhouhr,8,13:48,13:50,14:30
2023-09-11,Asr,8,17:20,13:50,14:30
2023-09-11,Maghrib,0,20:16,13:50,14:30
2023-09-11,Isha,8,21:39,13:50,14:30
2023-09-12,Fajr,8,05:43,13:50,14:30
2023-09-12,Shuruq,0,07:23,13:50,14:30
2023-09-12,Dhouhr,8,13:48,13:50,14:30
2023-09-12,Asr,8,17:19,13:50,14:30
2023-09-12,Maghrib,0,20:14,13:50,14:30
2023-09-12,Isha,8,21:37,13:50,14:30
2023-09-13,Fajr,8,05:45,13:50,14:30
2023-09-13,Shuruq,0,07:24,13:50,14:30
2023-09-13,Dhouhr,8,13:48,13:50,14:30
2023-09-13,Asr,8,17:17,13:50,14:30
2023-09-13,Maghrib,0,20:12,13:50,14:30
2023-09-13,Isha,8,21:35,13:50,14:30
2023-09-14,Fajr,8,05:46,13:50,14:30
2023-09-14,Shuruq,0,07:26,13:50,14:30
2023-09-14,Dhouhr,8,13:47,13:50,14:30
2023-09-14,Asr,8,17:16,13:50,14:30
2023-09-14,Maghrib,0,20:09,13:50,14:30
2023-09-14,Isha,8,21:32,13:50,14:30
2023-09-15,Fajr,8,05:48,13:50,14:30
2023-09-15,Shuruq,0,07:27,13:50,14:30
2023-09-15,Dhouhr,8,13:47,13:50,14:30
2023-09-15,Asr,8,17:14,13:50,14:30
2023-09-15,Maghrib,0,20:07,13:50,14:30
2023-09-15,Isha,8,21:30,13:50,14:30
2023-09-16,Fajr,8,05:49,13:50,14:30
2023-09-16,Shuruq,0,07:29,13:50,14:30
2023-09-16,Dhouhr,8,13:46,13:50,14:30
2023-09-16,Asr,8,17:13,13:50,14:30
2023-09-16,Maghrib,0,20:05,13:50,14:30
2023-09-16,Isha,8,21:28,13:50,14:30
2023-09-17,Fajr,8,05:51,13:50,14:30
2023-09-17,Shuruq,0,07:30,13:50,14:30
2023-09-17,Dhouhr,8,13:46,13:50,14:30
2023-09-17,Asr,8,17:12,13:50,14:30
2023-09-17,Maghrib,0,20:03,13:50,14:30
2023-09-17,Isha,8,21:26,13:50,14:30
2023-09-18,Fajr,8,05:52,13:50,14:30
2023-09-18,Shuruq,0,07:32,13:50,14:30
2023-09-18,Dhouhr,8,13:46,13:50,14:30
2023-09-18,Asr,8,17:10,13:50,14:30
2023-09-18,Maghrib,0,20:01,13:50,14:30
2023-09-18,Isha,8,21:24,13:50,14:30
2023-09-19,Fajr,8,05:54,13:50,14:30
2023-09-19,Shuruq,0,07:33,13:50,14:30
2023-09-19,Dhouhr,8,13:45,13:50,14:30
2023-09-19,Asr,8,17:09,13:50,14:30
2023-09-19,Maghrib,0,19:59,13:50,14:30
2023-09-19,Isha,8,21:22,13:50,14:30
2023-09-20,Fajr,8,05:55,13:50,14:30
2023-09-20,Shuruq,0,07:34,13:50,14:30
2023-09-20,Dhouhr,8,13:45,13:50,14:30
2023-09-20,Asr,8,17:07,13:50,14:30
2023-09-20,Maghrib,0,19:57,13:50,14:30
2023-09-20,Isha,8,21:20,13:50,14:30
2023-09-21,Fajr,8,05:56,13:50,14:30
2023-09-21,Shuruq,0,07:36,13:50,14:30
2023-09-21,Dhouhr,8,13:45,13:50,14:30
2023-09-21,Asr,8,17:06,13:50,14:30
2023-09-21,Maghrib,0,19:54,13:50,14:30
2023-09-21,Isha,8,21:18,13:50,14:30
2023-09-22,Fajr,8,05:58,13:50,14:30
2023-09-22,Shuruq,0,07:37,13:50,14:30
2023-09-22,Dhouhr,8,13:44,13:50,14:30
2023-09-22,Asr,8,17:04,13:50,14:30
2023-09-22,Maghrib,0,19:52,13:50,14:30
2023-09-22,Isha,8,21:16,13:50,14:30
2023-09-23,Fajr,8,05:59,13:50,14:30
2023-09-23,Shuruq,0,07:39,13:50,14:30
2023-09-23,Dhouhr,8,13:44,13:50,14:30
2023-09-23,Asr,8,17:03,13:50,14:30
2023-09-23,Maghrib,0,19:50,13:50,14:30
2023-09-23,Isha,8,21:14,13:50,14:30
2023-09-24,Fajr,8,06:01,13:50,14:30
2023-09-24,Shuruq,0,07:40,13:50,14:30
2023-09-24,Dhouhr,8,13:44,13:50,14:30
2023-09-24,Asr,8,17:01,13:50,14:30
2023-09-24,Maghrib,0,19:48,13:50,14:30
2023-09-24,Isha,8,21:12,13:50,14:30
2023-09-25,Fajr,8,06:02,13:50,14:30
2023-09-25,Shuruq,0,07:42,13:50,14:30
2023-09-25,Dhouhr,8,13:43,13:50,14:30
2023-09-25,Asr,8,16:59,13:50,14:30
2023-09-25,Maghrib,0,19:46,13:50,14:30
2023-09-25,Isha,8,21:10,13:50,14:30
2023-09-26,Fajr,8,06:03,13:50,14:30
2023-09-26,Shuruq,0,07:43,13:50,14:30
2023-09-26,Dhouhr,8,13:43,13:50,14:30
2023-09-26,Asr,8,16:58,13:50,14:30
2023-09-26,Maghrib,0,19:44,13:50,14:30
2023-09-26,Isha,8,21:08,13:50,14:30
2023-09-27,Fajr,8,06:05,13:50,14:30
2023-09-27,Shuruq,0,07:44,13:50,14:30
2023-09-27,Dhouhr,8,13:43,13:50,14:30
2023-09-27,Asr,8,16:56,13:50,14:30
2023-09-27,Maghrib,0,19:42,13:50,14:30
2023-09-27,Isha,8,21:06,13:50,14:30
2023-09-28,Fajr,8,06:06,13:50,14:30
2023-09-28,Shuruq,0,07:46,13:50,14:30
2023-09-28,Dhouhr,8,13:42,13:50,14:30
2023-09-28,Asr,8,16:55,13:50,14:30
2023-09-28,Maghrib,0,19:40,13:50,14:30
2023-09-28,Isha,8,21:04,13:50,14:30
2023-09-29,Fajr,8,06:07,13:50,14:30
2023-09-29,Shuruq,0,07:47,13:50,14:30
2023-09-29,Dhouhr,8,13:42,13:50,14:30
2023-09-29,Asr,8,16:53,13:50,14:30
2023-09-29,Maghrib,0,19:37,13:50,14:30
2023-09-29,Isha,8,21:02,13:50,14:30
2023-09-30,Fajr,8,06:09,13:50,14:30
2023-09-30,Shuruq,0,07:49,13:50,14:30
2023-09-30,Dhouhr,8,13:42,13:50,14:30
2023-09-30,Asr,8,16:52,13:50,14:30
2023-09-30,Maghrib,0,19:35,13:50,14:30
2023-09-30,Isha,8,21:00,13:50,14:30
2023-10-01,Fajr,8,06:10,13:50,14:30
2023-10-01,Shuruq,0,07:50,13:50,14:30
2023-10-01,Dhouhr,8,13:41,13:50,14:30
2023-10-01,Asr,8,16:50,13:50,14:30
2023-10-01,Maghrib,0,19:33,13:50,14:30
2023-10-01,Isha,8,20:58,13:50,14:30
2023-10-02,Fajr,8,06:12,13:50,14:30
2023-10-02,Shuruq,0,07:52,13:50,14:30
2023-10-02,Dhouhr,8,13:41,13:50,14:30
2023-10-02,Asr,8,16:49,13:50,14:30
2023-10-02,Maghrib,0,19:31,13:50,14:30
2023-10-02,Isha,8,20:56,13:50,14:30
2023-10-03,Fajr,8,06:13,13:50,14:30
2023-10-03,Shuruq,0,07:53,13:50,14:30
2023-10-03,Dhouhr,8,13:41,13:50,14:30
2023-10-03,Asr,8,16:47,13:50,14:30
2023-10-03,Maghrib,0,19:29,13:50,14:30
2023-10-03,Isha,8,20:54,13:50,14:30
2023-10-04,Fajr,8,06:14,13:50,14:30
2023-10-04,Shuruq,0,07:55,13:50,14:30
2023-10-04,Dhouhr,8,13:40,13:50,14:30
2023-10-04,Asr,8,16:45,13:50,14:30
2023-10-04,Maghrib,0,19:27,13:50,14:30
2023-10-04,Isha,8,20:52,13:50,14:30
2023-10-05,Fajr,8,06:15,13:50,14:30
2023-10-05,Shuruq,0,07:56,13:50,14:30
2023-10-05,Dhouhr,8,13:40,13:50,14:30
2023-10-05,Asr,8,16:44,13:50,14:30
2023-10-05,Maghrib,0,19:25,13:50,14:30
2023-10-05,Isha,8,20:50,13:50,14:30
2023-10-06,Fajr,8,06:17,13:50,14:30
2023-10-06,Shuruq,0,07:58,13:50,14:30
2023-10-06,Dhouhr,8,13:40,13:50,14:30
2023-10-06,Asr,8,16:42,13:50,14:30
2023-10-06,Maghrib,0,19:23,13:50,14:30
2023-10-06,Isha,8,20:48,13:50,14:30
2023-10-07,Fajr,8,06:18,13:50,14:30
2023-10-07,Shuruq,0,07:59,13:50,14:30
2023-10-07,Dhouhr,8,13:39,13:50,14:30
2023-10-07,Asr,8,16:41,13:50,14:30
2023-10-07,Maghrib,0,19:21,13:50,14:30
2023-10-07,Isha,8,20:46,13:50,14:30
2023-10-08,Fajr,8,06:19,13:50,14:30
2023-10-08,Shuruq,0,08:01,13:50,14:30
2023-10-08,Dhouhr,8,13:39,13:50,14:30
2023-10-08,Asr,8,16:39,13:50,14:30
2023-10-08,Maghrib,0,19:19,13:50,14:30
2023-10-08,Isha,8,20:45,13:50,14:30
2023-10-09,Fajr,8,06:20,13:50,14:30
2023-10-09,Shuruq,0,08:02,13:50,14:30
2023-10-09,Dhouhr,8,13:39,13:50,14:30
2023-10-09,Asr,8,16:38,13:50,14:30
2023-10-09,Maghrib,0,19:17,13:50,14:30
2023-10-09,Isha,8,20:43,13:50,14:30
2023-10-10,Fajr,8,06:22,13:50,14:30
2023-10-10,Shuruq,0,08:04,13:50,14:30
2023-10-10,Dhouhr,8,13:39,13:50,14:30
2023-10-10,Asr,8,16:36,13:50,14:30
2023-10-10,Maghrib,0,19:15,13:50,14:30
2023-10-10,Isha,8,20:41,13:50,14:30
2023-10-11,Fajr,8,06:23,13:50,14:30
2023-10-11,Shuruq,0,08:05,13:50,14:30
2023-10-11,Dhouhr,8,13:38,13:50,14:30
2023-10-11,Asr,8,16:35,13:50,14:30
2023-10-11,Maghrib,0,19:13,13:50,14:30
2023-10-11,Isha,8,20:39,13:50,14:30
2023-10-12,Fajr,8,06:24,13:50,14:30
2023-10-12,Shuruq,0,08:07,13:50,14:30
2023-10-12,Dhouhr,8,13:38,13:50,14:30
2023-10-12,Asr,8,16:33,13:50,14:30
2023-10-12,Maghrib,0,19:11,13:50,14:30
2023-10-12,Isha,8,20:38,13:50,14:30
2023-10-13,Fajr,8,06:26,13:50,14:30
2023-10-13,Shuruq,0,08:08,13:50,14:30
2023-10-13,Dhouhr,8,13:38,13:50,14:30
2023-10-13,Asr,8,16:31,13:50,14:30
2023-10-13,Maghrib,0,19:09,13:50,14:30
2023-10-13,Isha,8,20:36,13:50,14:30
2023-10-14,Fajr,8,06:27,13:50,14:30
2023-10-14,Shuruq,0,08:10,13:50,14:30
2023-10-14,Dhouhr,8,13:38,13:50,14:30
2023-10-14,Asr,8,16:30,13:50,14:30
2023-10-14,Maghrib,0,19:07,13:50,14:30
2023-10-14,Isha,8,20:34,13:50,14:30
2023-10-15,Fajr,8,06:28,13:50,14:30
2023-10-15,Shuruq,0,08:11,13:50,14:30
2023-10-15,Dhouhr,8,13:37,13:50,14:30
2023-10-15,Asr,8,16:28,13:50,14:30
2023-10-15,Maghrib,0,19:05,13:50,14:30
2023-10-15,Isha,8,20:32,13:50,14:30
2023-10-16,Fajr,8,06:29,13:50,14:30
2023-10-16,Shuruq,0,08:13,13:50,14:30
2023-10-16,Dhouhr,8,13:37,13:50,14:30
2023-10-16,Asr,8,16:27,13:50,14:30
2023-10-16,Maghrib,0,19:03,13:50,14:30
2023-10-16,Isha,8,20:31,13:50,14:30
2023-10-17,Fajr,8,06:31,13:50,14:30
2023-10-17,Shuruq,0,08:14,13:50,14:30
2023-10-17,Dhouhr,8,13:37,13:50,14:30
2023-10-17,Asr,8,16:25,13:50,14:30
2023-10-17,Maghrib,0,19:01,13:50,14:30
2023-10-17,Isha,8,20:29,13:50,14:30
2023-10-18,Fajr,8,06:32,13:50,14:30
2023-10-18,Shuruq,0,08:16,13:50,14:30
2023-10-18,Dhouhr,8,13:37,13:50,14:30
2023-10-18,Asr,8,16:24,13:50,14:30
2023-10-18,Maghrib,0,18:59,13:50,14:30
2023-10-18,Isha,8,20:27,13:50,14:30
2023-10-19,Fajr,8,06:33,13:50,14:30
2023-10-19,Shuruq,0,08:17,13:50,14:30
2023-10-19,Dhouhr,8,13:37,13:50,14:30
2023-10-19,Asr,8,16:22,13:50,14:30
2023-10-19,Maghrib,0,18:57,13:50,14:30
2023-10-19,Isha,8,20:26,13:50,14:30
2023-10-20,Fajr,8,06:34,13:50,14:30
2023-10-20,Shuruq,0,08:19,13:50,14:30
2023-10-20,Dhouhr,8,13:36,13:50,14:30
2023-10-20,Asr,8,16:21,13:50,14:30
2023-10-20,Maghrib,0,18:55,13:50,14:30
2023-10-20,Isha,8,20:24,13:50,14:30
2023-10-21,Fajr,8,06:36,13:50,14:30
2023-10-21,Shuruq,0,08:20,13:50,14:30
2023-10-21,Dhouhr,8,13:36,13:50,14:30
2023-10-21,Asr,8,16:19,13:50,14:30
2023-10-21,Maghrib,0,18:53,13:50,14:30
2023-10-21,Isha,8,20:23,13:50,14:30
2023-10-22,Fajr,8,06:37,13:50,14:30
2023-10-22,Shuruq,0,08:22,13:50,14:30
2023-10-22,Dhouhr,8,13:36,13:50,14:30
2023-10-22,Asr,8,16:18,13:50,14:30
2023-10-22,Maghrib,0,18:51,13:50,14:30
2023-10-22,Isha,8,20:21,13:50,14:30
2023-10-23,Fajr,8,06:38,13:50,14:30
2023-10-23,Shuruq,0,08:23,13:50,14:30
2023-10-23,Dhouhr,8,13:36,13:50,14:30
2023-10-23,Asr,8,16:16,13:50,14:30
2023-10-23,Maghrib,0,18:49,13:50,14:30
2023-10-23,Isha,8,20:20,13:50,14:30
2023-10-24,Fajr,8,06:39,13:50,14:30
2023-10-24,Shuruq,0,08:25,13:50,14:30
2023-10-24,Dhouhr,8,13:36,13:50,14:30
2023-10-24,Asr,8,16:15,13:50,14:30
2023-10-24,Maghrib,0,18:48,13:50,14:30
2023-10-24,Isha,8,20:18,13:50,14:30
2023-10-25,Fajr,8,06:41,13:50,14:30
2023-10-25,Shuruq,0,08:27,13:50,14:30
2023-10-25,Dhouhr,8,13:36,13:50,14:30
2023-10-25,Asr,8,16:14,13:50,14:30
2023-10-25,Maghrib,0,18:46,13:50,14:30
2023-10-25,Isha,8,20:16,13:50,14:30
2023-10-26,Fajr,8,06:42,13:50,14:30
2023-10-26,Shuruq,0,08:28,13:50,14:30
2023-10-26,Dhouhr,8,13:36,13:50,14:30
2023-10-26,Asr,8,16:12,13:50,14:30
2023-10-26,Maghrib,0,18:44,13:50,14:30
2023-10-26,Isha,8,20:15,13:50,14:30
2023-10-27,Fajr,8,06:43,13:50,14:30
2023-10-27,Shuruq,0,08:30,13:50,14:30
2023-10-27,Dhouhr,8,13:36,13:50,14:30
2023-10-27,Asr,8,16:11,13:50,14:30
2023-10-27,Maghrib,0,18:42,13:50,14:30
2023-10-27,Isha,8,20:13,13:50,14:30
2023-10-28,Fajr,8,06:44,13:50,14:30
2023-10-28,Shuruq,0,08:31,13:50,14:30
2023-10-28,Dhouhr,8,13:36,13:50,14:30
2023-10-28,Asr,8,16:09,13:50,14:30
2023-10-28,Maghrib,0,18:40,13:50,14:30
2023-10-28,Isha,8,20:11,13:50,14:30
2023-10-29,Fajr,8,05:46,13:50,14:30
2023-10-29,Shuruq,0,07:33,13:50,14:30
2023-10-29,Dhouhr,8,12:35,13:50,14:30
2023-10-29,Asr,8,15:08,13:50,14:30
2023-10-29,Maghrib,0,17:39,13:50,14:30
2023-10-29,Isha,8,19:10,13:50,14:30
2023-10-30,Fajr,8,05:47,13:50,14:30
2023-10-30,Shuruq,0,07:34,13:50,14:30
2023-10-30,Dhouhr,8,12:35,13:50,14:30
2023-10-30,Asr,8,15:07,13:50,14:30
2023-10-30,Maghrib,0,17:37,13:50,14:30
2023-10-30,Isha,8,19:08,13:50,14:30
2023-10-31,Fajr,8,05:49,13:50,14:30
2023-10-31,Shuruq,0,07:36,13:50,14:30
2023-10-31,Dhouhr,8,12:35,13:50,14:30
2023-10-31,Asr,8,15:05,13:50,14:30
2023-10-31,Maghrib,0,17:35,13:50,14:30
2023-10-31,Isha,8,19:07,13:50,14:30
2023-11-01,Fajr,8,05:50,13:50,14:30
2023-11-01,Shuruq,0,07:38,13:50,14:30
2023-11-01,Dhouhr,8,12:35,13:50,14:30
2023-11-01,Asr,8,15:04,13:50,14:30
2023-11-01,Maghrib,0,17:34,13:50,14:30
2023-11-01,Isha,8,19:05,13:50,14:30
2023-11-02,Fajr,8,05:51,13:50,14:30
2023-11-02,Shuruq,0,07:39,13:50,14:30
2023-11-02,Dhouhr,8,12:35,13:50,14:30
2023-11-02,Asr,8,15:03,13:50,14:30
2023-11-02,Maghrib,0,17:32,13:50,14:30
2023-11-02,Isha,8,19:04,13:50,14:30
2023-11-03,Fajr,8,05:53,13:50,14:30
2023-11-03,Shuruq,0,07:41,13:50,14:30
2023-11-03,Dhouhr,8,12:35,13:50,14:30
2023-11-03,Asr,8,15:01,13:50,14:30
2023-11-03,Maghrib,0,17:30,13:50,14:30
2023-11-03,Isha,8,19:03,13:50,14:30
2023-11-04,Fajr,8,05:54,13:50,14:30
2023-11-04,Shuruq,0,07:42,13:50,14:30
2023-11-04,Dhouhr,8,12:35,13:50,14:30
2023-11-04,Asr,8,15:00,13:50,14:30
2023-11-04,Maghrib,0,17:29,13:50,14:30
2023-11-04,Isha,8,19:01,13:50,14:30
2023-11-05,Fajr,8,05:56,13:50,14:30
2023-11-05,Shuruq,0,07:44,13:50,14:30
2023-11-05,Dhouhr,8,12:35,13:50,14:30
2023-11-05,Asr,8,14:59,13:50,14:30
2023-11-05,Maghrib,0,17:27,13:50,14:30
2023-11-05,Isha,8,19:00,13:50,14:30
2023-11-06,Fajr,8,05:57,13:50,14:30
2023-11-06,Shuruq,0,07:46,13:50,14:30
2023-11-06,Dhouhr,8,12:35,13:50,14:30
2023-11-06,Asr,8,14:58,13:50,14:30
2023-11-06,Maghrib,0,17:26,13:50,14:30
2023-11-06,Isha,8,18:58,13:50,14:30
2023-11-07,Fajr,8,05:58,13:50,14:30
2023-11-07,Shuruq,0,07:47,13:50,14:30
2023-11-07,Dhouhr,8,12:35,13:50,14:30
2023-11-07,Asr,8,14:57,13:50,14:30
2023-11-07,Maghrib,0,17:24,13:50,14:30
2023-11-07,Isha,8,18:57,13:50,14:30
2023-11-08,Fajr,8,06:00,13:50,14:30
2023-11-08,Shuruq,0,07:49,13:50,14:30
2023-11-08,Dhouhr,8,12:35,13:50,14:30
2023-11-08,Asr,8,14:55,13:50,14:30
2023-11-08,Maghrib,0,17:23,13:50,14:30
2023-11-08,Isha,8,18:56,13:50,14:30
2023-11-09,Fajr,8,06:01,13:50,14:30
2023-11-09,Shuruq,0,07:50,13:50,14:30
2023-11-09,Dhouhr,8,12:36,13:50,14:30
2023-11-09,Asr,8,14:54,13:50,14:30
2023-11-09,Maghrib,0,17:21,13:50,14:30
2023-11-09,Isha,8,18:55,13:50,14:30
2023-11-10,Fajr,8,06:03,13:50,14:30
2023-11-10,Shuruq,0,07:52,13:50,14:30
2023-11-10,Dhouhr,8,12:36,13:50,14:30
2023-11-10,Asr,8,14:53,13:50,14:30
2023-11-10,Maghrib,0,17:20,13:50,14:30
2023-11-10,Isha,8,18:54,13:50,14:30
2023-11-11,Fajr,8,06:04,13:50,14:30
2023-11-11,Shuruq,0,07:54,13:50,14:30
2023-11-11,Dhouhr,8,12:36,13:50,14:30
2023-11-11,Asr,8,14:52,13:50,14:30
2023-11-11,Maghrib,0,17:19,13:50,14:30
2023-11-11,Isha,8,18:52,13:50,14:30
2023-11-12,Fajr,8,06:05,13:50,14:30
2023-11-12,Shuruq,0,07:55,13:50,14:30
2023-11-12,Dhouhr,8,12:36,13:50,14:30
2023-11-12,Asr,8,14:51,13:50,14:30
2023-11-12,Maghrib,0,17:17,13:50,14:30
2023-11-12,Isha,8,18:51,13:50,14:30
2023-11-13,Fajr,8,06:07,13:50,14:30
2023-11-13,Shuruq,0,07:57,13:50,14:30
2023-11-13,Dhouhr,8,12:36,13:50,14:30
2023-11-13,Asr,8,14:50,13:50,14:30
2023-11-13,Maghrib,0,17:16,13:50,14:30
2023-11-13,Isha,8,18:50,13:50,14:30
2023-11-14,Fajr,8,06:08,13:50,14:30
2023-11-14,Shuruq,0,07:58,13:50,14:30
2023-11-14,Dhouhr,8,12:36,13:50,14:30
2023-11-14,Asr,8,14:49,13:50,14:30
2023-11-14,Maghrib,0,17:15,13:50,14:30
2023-11-14,Isha,8,18:49,13:50,14:30
2023-11-15,Fajr,8,06:09,13:50,14:30
2023-11-15,Shuruq,0,08:00,13:50,14:30
2023-11-15,Dhouhr,8,12:36,13:50,14:30
2023-11-15,Asr,8,14:48,13:50,14:30
2023-11-15,Maghrib,0,17:14,13:50,14:30
2023-11-15,Isha,8,18:48,13:50,14:30
2023-11-16,Fajr,8,06:11,13:50,14:30
2023-11-16,Shuruq,0,08:01,13:50,14:30
2023-11-16,Dhouhr,8,12:37,13:50,14:30
2023-11-16,Asr,8,14:47,13:50,14:30
2023-11-16,Maghrib,0,17:12,13:50,14:30
2023-11-16,Isha,8,18:47,13:50,14:30
2023-11-17,Fajr,8,06:12,13:50,14:30
2023-11-17,Shuruq,0,08:03,13:50,14:30
2023-11-17,Dhouhr,8,12:37,13:50,14:30
2023-11-17,Asr,8,14:46,13:50,14:30
2023-11-17,Maghrib,0,17:11,13:50,14:30
2023-11-17,Isha,8,18:46,13:50,14:30
2023-11-18,Fajr,8,06:13,13:50,14:30
2023-11-18,Shuruq,0,08:04,13:50,14:30
2023-11-18,Dhouhr,8,12:37,13:50,14:30
2023-11-18,Asr,8,14:46,13:50,14:30
2023-11-18,Maghrib,0,17:10,13:50,14:30
2023-11-18,Isha,8,18:46,13:50,14:30
2023-11-19,Fajr,8,06:14,13:50,14:30
2023-11-19,Shuruq,0,08:06,13:50,14:30
2023-11-19,Dhouhr,8,12:37,13:50,14:30
2023-11-19,Asr,8,14:45,13:50,14:30
2023-11-19,Maghrib,0,17:09,13:50,14:30
2023-11-19,Isha,8,18:45,13:50,14:30
2023-11-20,Fajr,8,06:16,13:50,14:30
2023-11-20,Shuruq,0,08:07,13:50,14:30
2023-11-20,Dhouhr,8,12:37,13:50,14:30
2023-11-20,Asr,8,14:44,13:50,14:30
2023-11-20,Maghrib,0,17:08,13:50,14:30
2023-11-20,Isha,8,18:44,13:50,14:30
2023-11-21,Fajr,8,06:17,13:50,14:30
2023-11-21,Shuruq,0,08:09,13:50,14:30
2023-11-21,Dhouhr,8,12:38,13:50,14:30
2023-11-21,Asr,8,14:43,13:50,14:30
2023-11-21,Maghrib,0,17:07,13:50,14:30
2023-11-21,Isha,8,18:43,13:50,14:30
2023-11-22,Fajr,8,06:18,13:50,14:30
2023-11-22,Shuruq,0,08:10,13:50,14:30
2023-11-22,Dhouhr,8,12:38,13:50,14:30
2023-11-22,Asr,8,14:42,13:50,14:30
2023-11-22,Maghrib,0,17:06,13:50,14:30
2023-11-22,Isha,8,18:42,13:50,14:30
2023-11-23,Fajr,8,06:19,13:50,14:30
2023-11-23,Shuruq,0,08:12,13:50,14:30
2023-11-23,Dhouhr,8,12:38,13:50,14:30
2023-11-23,Asr,8,14:42,13:50,14:30
2023-11-23,Maghrib,0,17:05,13:50,14:30
2023-11-23,Isha,8,18:42,13:50,14:30
2023-11-24,Fajr,8,06:21,13:50,14:30
2023-11-24,Shuruq,0,08:13,13:50,14:30
2023-11-24,Dhouhr,8,12:38,13:50,14:30
2023-11-24,Asr,8,14:41,13:50,14:30
2023-11-24,Maghrib,0,17:04,13:50,14:30
2023-11-24,Isha,8,18:41,13:50,14:30
2023-11-25,Fajr,8,06:22,13:50,14:30
2023-11-25,Shuruq,0,08:15,13:50,14:30
2023-11-25,Dhouhr,8,12:39,13:50,14:30
2023-11-25,Asr,8,14:41,13:50,14:30
2023-11-25,Maghrib,0,17:04,13:50,14:30
2023-11-25,Isha,8,18:41,13:50,14:30
2023-11-26,Fajr,8,06:23,13:50,14:30
2023-11-26,Shuruq,0,08:16,13:50,14:30
2023-11-26,Dhouhr,8,12:39,13:50,14:30
2023-11-26,Asr,8,14:40,13:50,14:30
2023-11-26,Maghrib,0,17:03,13:50,14:30
2023-11-26,Isha,8,18:40,13:50,14:30
2023-11-27,Fajr,8,06:24,13:50,14:30
2023-11-27,Shuruq,0,08:17,13:50,14:30
2023-11-27,Dhouhr,8,12:39,13:50,14:30
2023-11-27,Asr,8,14:39,13:50,14:30
2023-11-27,Maghrib,0,17:02,13:50,14:30
2023-11-27,Isha,8,18:39,13:50,14:30
2023-11-28,Fajr,8,06:25,13:50,14:30
2023-11-28,Shuruq,0,08:19,13:50,14:30
2023-11-28,Dhouhr,8,12:40,13:50,14:30
2023-11-28,Asr,8,14:39,13:50,14:30
2023-11-28,Maghrib,0,17:01,13:50,14:30
2023-11-28,Isha,8,18:39,13:50,14:30
2023-11-29,Fajr,8,06:27,13:50,14:30
2023-11-29,Shuruq,0,08:20,13:50,14:30
2023-11-29,Dhouhr,8,12:40,13:50,14:30
2023-11-29,Asr,8,14:39,13:50,14:30
2023-11-29,Maghrib,0,17:01,13:50,14:30
2023-11-29,Isha,8,18:39,13:50,14:30
2023-11-30,Fajr,8,06:28,13:50,14:30
2023-11-30,Shuruq,0,08:21,13:50,14:30
2023-11-30,Dhouhr,8,12:40,13:50,14:30
2023-11-30,Asr,8,14:38,13:50,14:30
2023-11-30,Maghrib,0,17:00,13:50,14:30
2023-11-30,Isha,8,18:38,13:50,14:30
2023-12-01,Fajr,8,06:29,13:50,14:30
2023-12-01,Shuruq,0,08:23,13:50,14:30
2023-12-01,Dhouhr,8,12:41,13:50,14:30
2023-12-01,Asr,8,14:38,13:50,14:30
2023-12-01,Maghrib,0,17:00,13:50,14:30
2023-12-01,Isha,8,18:38,13:50,14:30
2023-12-02,Fajr,8,06:30,13:50,14:30
2023-12-02,Shuruq,0,08:24,13:50,14:30
2023-12-02,Dhouhr,8,12:41,13:50,14:30
2023-12-02,Asr,8,14:37,13:50,14:30
2023-12-02,Maghrib,0,16:59,13:50,14:30
2023-12-02,Isha,8,18:38,13:50,14:30
2023-12-03,Fajr,8,06:31,13:50,14:30
2023-12-03,Shuruq,0,08:25,13:50,14:30
2023-12-03,Dhouhr,8,12:42,13:50,14:30
2023-12-03,Asr,8,14:37,13:50,14:30
2023-12-03,Maghrib,0,16:59,13:50,14:30
2023-12-03,Isha,8,18:37,13:50,14:30
2023-12-04,Fajr,8,06:32,13:50,14:30
2023-12-04,Shuruq,0,08:26,13:50,14:30
2023-12-04,Dhouhr,8,12:42,13:50,14:30
2023-12-04,Asr,8,14:37,13:50,14:30
2023-12-04,Maghrib,0,16:58,13:50,14:30
2023-12-04,Isha,8,18:37,13:50,14:30
2023-12-05,Fajr,8,06:33,13:50,14:30
2023-12-05,Shuruq,0,08:28,13:50,14:30
2023-12-05,Dhouhr,8,12:42,13:50,14:30
2023-12-05,Asr,8,14:37,13:50,14:30
2023-12-05,Maghrib,0,16:58,13:50,14:30
2023-12-05,Isha,8,18:37,13:50,14:30
2023-12-06,Fajr,8,06:34,13:50,14:30
2023-12-06,Shuruq,0,08:29,13:50,14:30
2023-12-06,Dhouhr,8,12:43,13:50,14:30
2023-12-06,Asr,8,14:37,13:50,14:30
2023-12-06,Maghrib,0,16:58,13:50,14:30
2023-12-06,Isha,8,18:37,13:50,14:30
2023-12-07,Fajr,8,06:35,13:50,14:30
2023-12-07,Shuruq,0,08:30,13:50,14:30
2023-12-07,Dhouhr,8,12:43,13:50,14:30
2023-12-07,Asr,8,14:36,13:50,14:30
2023-12-07,Maghrib,0,16:57,13:50,14:30
2023-12-07,Isha,8,18:37,13:50,14:30
2023-12-08,Fajr,8,06:36,13:50,14:30
2023-12-08,Shuruq,0,08:31,13:50,14:30
2023-12-08,Dhouhr,8,12:44,13:50,14:30
2023-12-08,Asr,8,14:36,13:50,14:30
2023-12-08,Maghrib,0,16:57,13:50,14:30
2023-12-08,Isha,8,18:37,13:50,14:30
2023-12-09,Fajr,8,06:37,13:50,14:30
2023-12-09,Shuruq,0,08:32,13:50,14:30
2023-12-09,Dhouhr,8,12:44,13:50,14:30
2023-12-09,Asr,8,14:36,13:50,14:30
2023-12-09,Maghrib,0,16:57,13:50,14:30
2023-12-09,Isha,8,18:37,13:50,14:30
2023-12-10,Fajr,8,06:38,13:50,14:30
2023-12-10,Shuruq,0,08:33,13:50,14:30
2023-12-10,Dhouhr,8,12:45,13:50,14:30
2023-12-10,Asr,8,14:36,13:50,14:30
2023-12-10,Maghrib,0,16:57,13:50,14:30
2023-12-10,Isha,8,18:37,13:50,14:30
2023-12-11,Fajr,8,06:38,13:50,14:30
2023-12-11,Shuruq,0,08:34,13:50,14:30
2023-12-11,Dhouhr,8,12:45,13:50,14:30
2023-12-11,Asr,8,14:36,13:50,14:30
2023-12-11,Maghrib,0,16:57,13:50,14:30
2023-12-11,Isha,8,18:37,13:50,14:30
2023-12-12,Fajr,8,06:39,13:50,14:30
2023-12-12,Shuruq,0,08:35,13:50,14:30
2023-12-12,Dhouhr,8,12:45,13:50,14:30
2023-12-12,Asr,8,14:37,13:50,14:30
2023-12-12,Maghrib,0,16:57,13:50,14:30
2023-12-12,Isha,8,18:37,13:50,14:30
2023-12-13,Fajr,8,06:40,13:50,14:30
2023-12-13,Shuruq,0,08:36,13:50,14:30
2023-12-13,Dhouhr,8,12:46,13:50,14:30
2023-12-13,Asr,8,14:37,13:50,14:30
2023-12-13,Maghrib,0,16:57,13:50,14:30
2023-12-13,Isha,8,18:37,13:50,14:30
2023-12-14,Fajr,8,06:41,13:50,14:30
2023-12-14,Shuruq,0,08:37,13:50,14:30
2023-12-14,Dhouhr,8,12:46,13:50,14:30
2023-12-14,Asr,8,14:37,13:50,14:30
2023-12-14,Maghrib,0,16:57,13:50,14:30
2023-12-14,Isha,8,18:37,13:50,14:30
2023-12-15,Fajr,8,06:42,13:50,14:30
2023-12-15,Shuruq,0,08:37,13:50,14:30
2023-12-15,Dhouhr,8,12:47,13:50,14:30
2023-12-15,Asr,8,14:37,13:50,14:30
2023-12-15,Maghrib,0,16:57,13:50,14:30
2023-12-15,Isha,8,18:37,13:50,14:30
2023-12-16,Fajr,8,06:42,13:50,14:30
2023-12-16,Shuruq,0,08:38,13:50,14:30
2023-12-16,Dhouhr,8,12:47,13:50,14:30
2023-12-16,Asr,8,14:37,13:50,14:30
2023-12-16,Maghrib,0,16:57,13:50,14:30
2023-12-16,Isha,8,18:38,13:50,14:30
2023-12-17,Fajr,8,06:43,13:50,14:30
2023-12-17,Shuruq,0,08:39,13:50,14:30
2023-12-17,Dhouhr,8,12:48,13:50,14:30
2023-12-17,Asr,8,14:38,13:50,14:30
2023-12-17,Maghrib,0,16:58,13:50,14:30
2023-12-17,Isha,8,18:38,13:50,14:30
2023-12-18,Fajr,8,06:44,13:50,14:30
2023-12-18,Shuruq,0,08:40,13:50,14:30
2023-12-18,Dhouhr,8,12:48,13:50,14:30
2023-12-18,Asr,8,14:38,13:50,14:30
2023-12-18,Maghrib,0,16:58,13:50,14:30
2023-12-18,Isha,8,18:38,13:50,14:30
2023-12-19,Fajr,8,06:44,13:50,14:30
2023-12-19,Shuruq,0,08:40,13:50,14:30
2023-12-19,Dhouhr,8,12:49,13:50,14:30
2023-12-19,Asr,8,14:38,13:50,14:30
2023-12-19,Maghrib,0,16:58,13:50,14:30
2023-12-19,Isha,8,18:39,13:50,14:30
2023-12-20,Fajr,8,06:45,13:50,14:30
2023-12-20,Shuruq,0,08:41,13:50,14:30
2023-12-20,Dhouhr,8,12:49,13:50,14:30
2023-12-20,Asr,8,14:39,13:50,14:30
2023-12-20,Maghrib,0,16:59,13:50,14:30
2023-12-20,Isha,8,18:39,13:50,14:30
2023-12-21,Fajr,8,06:45,13:50,14:30
2023-12-21,Shuruq,0,08:41,13:50,14:30
2023-12-21,Dhouhr,8,12:50,13:50,14:30
2023-12-21,Asr,8,14:39,13:50,14:30
2023-12-21,Maghrib,0,16:59,13:50,14:30
2023-12-21,Isha,8,18:40,13:50,14:30
2023-12-22,Fajr,8,06:46,13:50,14:30
2023-12-22,Shuruq,0,08:42,13:50,14:30
2023-12-22,Dhouhr,8,12:50,13:50,14:30
2023-12-22,Asr,8,14:40,13:50,14:30
2023-12-22,Maghrib,0,17:00,13:50,14:30
2023-12-22,Isha,8,18:40,13:50,14:30
2023-12-23,Fajr,8,06:46,13:50,14:30
2023-12-23,Shuruq,0,08:42,13:50,14:30
2023-12-23,Dhouhr,8,12:51,13:50,14:30
2023-12-23,Asr,8,14:40,13:50,14:30
2023-12-23,Maghrib,0,17:00,13:50,14:30
2023-12-23,Isha,8,18:41,13:50,14:30
2023-12-24,Fajr,8,06:47,13:50,14:30
2023-12-24,Shuruq,0,08:43,13:50,14:30
2023-12-24,Dhouhr,8,12:51,13:50,14:30
2023-12-24,Asr,8,14:41,13:50,14:30
2023-12-24,Maghrib,0,17:01,13:50,14:30
2023-12-24,Isha,8,18:41,13:50,14:30
2023-12-25,Fajr,8,06:47,13:50,14:30
2023-12-25,Shuruq,0,08:43,13:50,14:30
2023-12-25,Dhouhr,8,12:52,13:50,14:30
2023-12-25,Asr,8,14:42,13:50,14:30
2023-12-25,Maghrib,0,17:02,13:50,14:30
2023-12-25,Isha,8,18:42,13:50,14:30
2023-12-26,Fajr,8,06:48,13:50,14:30
2023-12-26,Shuruq,0,08:43,13:50,14:30
2023-12-26,Dhouhr,8,12:52,13:50,14:30
2023-12-26,Asr,8,14:42,13:50,14:30
2023-12-26,Maghrib,0,17:02,13:50,14:30
2023-12-26,Isha,8,18:43,13:50,14:30
2023-12-27,Fajr,8,06:48,13:50,14:30
2023-12-27,Shuruq,0,08:44,13:50,14:30
2023-12-27,Dhouhr,8,12:53,13:50,14:30
2023-12-27,Asr,8,14:43,13:50,14:30
2023-12-27,Maghrib,0,17:03,13:50,14:30
2023-12-27,Isha,8,18:43,13:50,14:30
2023-12-28,Fajr,8,06:48,13:50,14:30
2023-12-28,Shuruq,0,08:44,13:50,14:30
2023-12-28,Dhouhr,8,12:53,13:50,14:30
2023-12-28,Asr,8,14:44,13:50,14:30
2023-12-28,Maghrib,0,17:04,13:50,14:30
2023-12-28,Isha,8,18:44,13:50,14:30
2023-12-29,Fajr,8,06:48,13:50,14:30
2023-12-29,Shuruq,0,08:44,13:50,14:30
2023-12-29,Dhouhr,8,12:54,13:50,14:30
2023-12-29,Asr,8,14:44,13:50,14:30
2023-12-29,Maghrib,0,17:05,13:50,14:30
2023-12-29,Isha,8,18:45,13:50,14:30
2023-12-30,Fajr,8,06:49,13:50,14:30
2023-12-30,Shuruq,0,08:44,13:50,14:30
2023-12-30,Dhouhr,8,12:54,13:50,14:30
2023-12-30,Asr,8,14:45,13:50,14:30
2023-12-30,Maghrib,0,17:06,13:50,14:30
2023-12-30,Isha,8,18:46,13:50,14:30
2023-12-31,Fajr,8,06:49,13:50,14:30
2023-12-31,Shuruq,0,08:44,13:50,14:30
2023-12-31,Dhouhr,8,12:55,13:50,14:30
2023-12-31,Asr,8,14:46,13:50,14:30
2023-12-31,Maghrib,0,17:06,13:50,14:30
2023-12-31,Isha,8,18:46,13:50,14:30
